:020000040800F2
:1000000000800020CD360008DD2D0008E92D000815
:10001000F12D0008F92D0008012E00080000000055
:10002000000000000000000000000000092E000891
:10003000172E000800000000252E0008332E0008AF
:100040001D3700081D3700081D3700081D37000840
:100050001D3700081D3700081D3700081D37000830
:100060001D3700081D3700081D3700081D37000820
:100070001D3700081D3700081D3700081D37000810
:100080001D3700081D3700081D3700081D37000800
:10009000412E00081D3700081D3700081D370008D5
:1000A0001D3700081D3700081D3700081D370008E0
:1000B000552E00081D3700081D3700081D370008A1
:1000C0001D3700081D3700081D3700081D370008C0
:1000D0001D3700081D3700081D3700081D370008B0
:1000E0001D3700081D3700081D3700081D370008A0
:1000F0001D3700081D3700081D3700081D37000890
:100100000000000000000000000000001D37000893
:100110001D3700081D3700081D3700081D3700086F
:100120001D3700081D3700081D3700081D3700085F
:100130001D3700081D370008000000000000000007
:100140001D3700081D3700081D370008000000009B
:10015000000000000000000000000000000000009F
:1001600000000000000000001D3700081D370008D7
:100170001D37000800000000000000000000000023
:08018000000000001D3700081B
:1001880010B5054C237833B9044B13B10448AFF3C9
:1001980000800123237010BD200000200000000013
:1001A8000CA5000808B5034B1BB103490348AFF37E
:1001B800008008BD00000000240000200CA50008F5
:1001C80081F0004102E000BF83F0004330B54FEA00
:1001D80041044FEA430594EA050F08BF90EA020F6D
:1001E8001FBF54EA000C55EA020C7FEA645C7FEA00
:1001F800655C00F0E2804FEA5454D4EB5555B8BF23
:100208006D420CDD2C4480EA020281EA030382EA93
:10021800000083EA010180EA020281EA0303362D25
:1002280088BF30BD11F0004F4FEA01314FF4801CF8
:100238004CEA113102D0404261EB410113F0004F0A
:100248004FEA03334CEA133302D0524263EB4303C1
:1002580094EA050F00F0A780A4F10104D5F1200E5F
:100268000DDB02FA0EFC22FA05F2801841F10001BA
:1002780003FA0EF2801843FA05F359410EE0A5F18E
:1002880020050EF1200E012A03FA0EFC28BF4CF0BF
:10029800020C43FA05F3C01851EBE37101F0004575
:1002A80007D54FF0000EDCF1000C7EEB00006EEB82
:1002B8000101B1F5801F1BD3B1F5001F0CD349080C
:1002C8005FEA30004FEA3C0C04F101044FEA445263
:1002D80012F5800F80F09A80BCF1004F08BF5FEAEA
:1002E800500C50F1000041EB045141EA050130BDCA
:1002F8005FEA4C0C404141EB0101013C28BFB1F5DC
:10030800801FE9D291F0000F04BF01460020B1FA26
:1003180081F308BF2033A3F10B03B3F120020CDAF9
:100328000C3208DD02F1140CC2F10C0201FA0CF0D7
:1003380021FA02F10CE002F11402D8BFC2F1200C3C
:1003480001FA02F120FA0CFCDCBF41EA0C019040F2
:10035800E41AA2BF01EB0451294330BD6FEA04043B
:100368001F3C1CDA0C340EDC04F11404C4F1200226
:1003780020FA04F001FA02F340EA030021FA04F338
:1003880045EA030130BDC4F10C04C4F1200220FA8F
:1003980002F001FA04F340EA0300294630BD21FACD
:1003A80004F0294630BD94F0000F83F4801306BF93
:1003B80081F480110134013D4EE77FEA645C18BF87
:1003C8007FEA655C29D094EA050F08BF90EA020F1E
:1003D80005D054EA000C04BF1946104630BD91EA16
:1003E800030F1EBF0021002030BD5FEA545C05D119
:1003F8004000494128BF41F0004130BD14F5800458
:100408003CBF01F5801130BD01F0004545F0FE41CB
:1004180041F470014FF0000030BD7FEA645C1ABF00
:10042800194610467FEA655C1CBF0B46024650EA37
:10043800013406BF52EA033591EA030F41F4002163
:1004480030BD00BF90F0000F04BF0021704730B5E9
:100458004FF4806404F132044FF000054FF00001BE
:1004680050E700BF90F0000F04BF0021704730B57F
:100478004FF4806404F1320410F0004548BF404254
:100488004FF000013EE700BF42004FEAE2014FEAA9
:1004980031014FEA02701FBF12F07F4393F07F4F84
:1004A80081F06051704732F07F4208BF704793F087
:1004B8007F4F04BF41F40021704730B54FF460749A
:1004C80001F0004521F000411CE700BF50EA01029D
:1004D80008BF704730B54FF000050AE050EA010246
:1004E80008BF704730B511F0004502D5404261EBB6
:1004F80041014FF4806404F132045FEA915C3FF4F7
:10050800D8AE4FF003025FEADC0C18BF03325FEA93
:10051800DC0C18BF033202EBDC02C2F1200300FA44
:1005280003FC20FA02F001FA03FE40EA0E0021FA69
:1005380002F11444BDE600BF70B54FF0FF0C4CF457
:10054800E06C1CEA11541DBF1CEA135594EA0C0F09
:1005580095EA0C0F00F0DEF82C4481EA030621EA44
:100568004C5123EA4C5350EA013518BF52EA03357F
:1005780041F4801143F4801338D0A0FB02CE4FF031
:100588000005E1FB02E506F00042E0FB03E54FF061
:100598000006E1FB03569CF0000F18BF4EF0010E59
:1005A800A4F1FF04B6F5007F64F5407404D25FEA55
:1005B8004E0E6D4146EB060642EAC62141EA555108
:1005C8004FEAC52040EA5E504FEACE2EB4F1FD0C4A
:1005D80088BFBCF5E06F1ED8BEF1004F08BF5FEAC8
:1005E800500E50F1000041EB045170BD06F000467A
:1005F80046EA010140EA020081EA0301B4EB5C0427
:10060800C2BFD4EB0C0541EA045170BD41F480111E
:100618004FF0000E013C00F3AB8014F1360FDEBF43
:10062800002001F0004170BDC4F10004203C35DA1F
:100638000C341BDC04F11404C4F1200500FA05F3A2
:1006480020FA04F001FA05F240EA020001F0004243
:1006580021F0004110EBD37021FA04F642EB0601B9
:100668005EEA430E08BF20EAD37070BDC4F10C04E3
:10067800C4F1200500FA04F320FA05F001FA04F2A7
:1006880040EA020001F0004110EBD37041F1000193
:100698005EEA430E08BF20EAD37070BDC4F120059E
:1006A80000FA05F24EEA020E20FA04F301FA05F206
:1006B80043EA020321FA04F001F0004121FA04F2AE
:1006C80020EA020000EBD3705EEA430E08BF20EA7E
:1006D800D37070BD94F0000F0FD101F000464000B8
:1006E80041EB010111F4801F08BF013CF7D041EA3A
:1006F800060195F0000F18BF704703F0004652003E
:1007080043EB030313F4801F08BF013DF7D043EA0E
:100718000603704794EA0C0F0CEA135518BF95EAC4
:100728000C0F0CD050EA410618BF52EA4306D1D14B
:1007380081EA030101F000414FF0000070BD50EA6A
:10074800410606BF1046194652EA430619D094EAF4
:100758000C0F02D150EA013613D195EA0C0F05D1DE
:1007680052EA03361CBF104619460AD181EA030132
:1007780001F0004141F0FE4141F470014FF00000EA
:1007880070BD41F0FE4141F4780170BD70B54FF085
:10079800FF0C4CF4E06C1CEA11541DBF1CEA135505
:1007A80094EA0C0F95EA0C0F00F0A7F8A4EB0504E7
:1007B80081EA030E52EA03354FEA013100F08880DE
:1007C8004FEA03334FF0805545EA131343EA1263A7
:1007D8004FEA022245EA111545EA10654FEA00265C
:1007E8000EF000419D4208BF964244F1FD0404F515
:1007F800407402D25B084FEA3202B61A65EB030571
:100808005B084FEA32024FF480104FF4002CB6EB2D
:10081800020E75EB030E22BFB61A754640EA0C00AD
:100828005B084FEA3202B6EB020E75EB030E22BFED
:10083800B61A754640EA5C005B084FEA3202B6EB2E
:10084800020E75EB030E22BFB61A754640EA9C00ED
:100858005B084FEA3202B6EB020E75EB030E22BFBD
:10086800B61A754640EADC0055EA060E18D04FEA7B
:10087800051545EA16754FEA06164FEAC30343EA1B
:1008880052734FEAC2025FEA1C1CC0D111F4801FE8
:100898000BD141EA00014FF000004FF0004CB6E7E1
:1008A80011F4801F04BF01430020B4F1FD0C88BF80
:1008B800BCF5E06F3FF6AFAEB5EB030C04BFB6EB8B
:1008C800020C5FEA500C50F1000041EB045170BD7E
:1008D8000EF0004E4EEA113114EB5C04C2BFD4EBAB
:1008E8000C0541EA045170BD41F480114FF0000E2F
:1008F800013C90E645EA060E8DE60CEA135594EAAB
:100908000C0F08BF95EA0C0F3FF43BAF94EA0C0FAD
:100918000AD150EA01347FF434AF95EA0C0F7FF422
:1009280025AF104619462CE795EA0C0F06D152EA76
:1009380003353FF4FDAE1046194622E750EA41065A
:1009480018BF52EA43067FF4C5AE50EA41047FF46B
:100958000DAF52EA43057FF4EBAE12E74FF0FF3CD0
:1009680006E000BF4FF0010C02E000BF4FF0010CA1
:100978004DF804CD4FEA410C7FEA6C5C4FEA430C1A
:1009880018BF7FEA6C5C1BD001B050EA410C0CBF69
:1009980052EA430C91EA030F02BF90EA020F0020CB
:1009A800704710F1000F91EA030F58BF994208BF32
:1009B80090422CBFD8176FEAE37040F001007047EF
:1009C8004FEA410C7FEA6C5C02D150EA013C07D146
:1009D8004FEA430C7FEA6C5CD6D152EA033CD3D091
:1009E8005DF8040B704700BF8446104662468C468B
:1009F8001946634600E000BF01B5FFF7B7FF0028BE
:100A080048BF10F1000F01BD4DF808EDFFF7F4FFE6
:100A18000CBF012000205DF808FB00BF4DF808ED71
:100A2800FFF7EAFF34BF012000205DF808FB00BF94
:100A38004DF808EDFFF7E0FF94BF012000205DF8B6
:100A480008FB00BF4DF808EDFFF7CEFF94BF01206B
:100A580000205DF808FB00BF4DF808EDFFF7C4FF64
:100A680034BF012000205DF808FB00BF4FEA4102B7
:100A780012F5001215D211D56FF47873B3EB6252E8
:100A880012D94FEAC12343F0004343EA505311F00F
:100A9800004F23FA02F018BF404270474FF00000A1
:100AA800704750EA013005D111F0004008BF6FF0DF
:100AB800004070474FF00000704700BF4FEA410206
:100AC800B2F1E04324BFB3F5001CDCF1FE5C0DD9A4
:100AD80001F0004C4FEAC0024CEA5070B2F1004FEE
:100AE80040EB830008BF20F00100704711F0804FF1
:100AF80021D113F13872BCBF01F00040704741F4B6
:100B080080114FEA5252C2F11802C2F1200C10FAB9
:100B18000CF320FA02F018BF40F001004FEAC1239D
:100B28004FEAD32303FA0CFC40EA0C0023FA02F341
:100B38004FEA4303CCE77FEA625307D150EA013317
:100B48001EBF4FF0FE4040F44000704701F00040E7
:100B580040F0FE4040F40000704700BF7BB972B916
:100B68000029BEBF00204FF0004106E008BF002862
:100B78001CBF6FF000414FF0FF3000F09DB9ADF1A0
:100B8800080C6DE904CE002909DB002B1ADB00F004
:100B980035F8DDF804E0DDE9022304B0704740428F
:100BA80061EB4101002B1BDB00F028F8DDF804E0C5
:100BB800DDE9022304B0404261EB4101524263EB9C
:100BC80043037047524263EB430300F017F8DDF824
:100BD80004E0DDE9022304B0404261EB41017047C3
:100BE800524263EB430300F009F8DDF804E0DDE965
:100BF800022304B0524263EB430370472DE9F047E8
:100C0800089D0C46002B4ED194468C458646B2FA78
:100C180082F262D94AB1C2F12003914020FA03F36B
:100C28000CFA02FC194300FA02FE4FEA1C471FFAAD
:100C38008CF6B1FBF7F44FEA1E4307FB141143EAA5
:100C4800014304FB06F199420AD91CEB030304F1A2
:100C5800FF3080F01281994240F20F81023C6344D8
:100C6800591A1FFA8EF3B1FBF7F007FB101143EA8C
:100C7800014300FB06F69E420AD91CEB030300F170
:100C8800FF3180F0FC809E4240F2F98063440238D4
:100C98009B1B40EA044000211DB1D3400022C5E956
:100CA8000032BDE8F0878B4205D90DB1C5E90001D6
:100CB80000210846F5E7B3FA83F1002946D1A3429B
:100CC80002D39042C0F0F080861A64EB030301203F
:100CD800002DE6D0C5E90063E3E7002A40F09080E4
:100CE800A1EB0C044FEA1C481FFA8CF70121B4FB56
:100CF800F8F64FEA1E4308FB164443EA044307FB91
:100D080006F0984208D91CEB030306F1FF3402D21F
:100D1800984200F2CD8026461C1A1FFA8EF3B4FBC7
:100D2800F8F008FB104443EA044300FB07F79F422E
:100D380008D91CEB030300F1FF3402D29F4200F2F2
:100D4800B0802046DB1B40EA0640A5E7C1F120063B
:100D58008B4022FA06F71F4320FA06FC04FA01F337
:100D680043EA0C03F44000FA01F8380C4FEA13493F
:100D7800B4FBF0FE1FFA87FC00FB1E4449EA04445A
:100D88000EFB0CF9A14502FA01F20AD93C190EF141
:100D9800FF3A80F08480A14540F28180AEF1020ED6
:100DA8003C44A4EB09041FFA83F9B4FBF0F300FBFD
:100DB800134449EA044403FB0CFCA44507D93C1935
:100DC80003F1FF3067D2A44565D9023B3C4443EAAE
:100DD8000E40A0FB0293A4EB0C049C42CE469C461A
:100DE80051D34ED055B1B8EB0E0364EB0C0404FAA2
:100DF80006F6CB401E43CC40C5E90064002150E70D
:100E0800C2F1200320FA03F10CFA02FC24FA03F3DE
:100E180094400C434FEA1C4800FA02FE1FFA8CF774
:100E2800B3FBF8F008FB1031230C43EA014300FB45
:100E380007F1994208D91CEB030300F1FF362CD2C5
:100E480099422AD9023863445B1AA4B2B3FBF8F179
:100E580008FB113344EA034401FB07F3A34208D912
:100E68001CEB040401F1FF3613D2A34211D9023955
:100E78006444E41A41EA004139E70446F0E60846CA
:100E880006E7C845AED2B9EB020E63EB070C013892
:100E9800A8E73146EDE7034699E73046D4E7D6465A
:100EA8007FE7634402384DE70646234608460FE7C6
:100EB800023E634430E700BF704700BF80B586B08C
:100EC80000AF3B4600221A605A609A60DA601A61E5
:100ED8005A61274B274A1A60254B00225A60244B37
:100EE80000229A60224B00221A61214B00225A7676
:100EF8001F4B002283F820201D4B0022DA621C4B76
:100F080001229A621A4B0022DA60194B0122DA6137
:100F1800174B002283F83020154B04225A61144BDA
:100F280000221A76124B00225A63114802F07EFC06
:100F38000346002B01D001F028FA0C233B60012363
:100F48007B600023FB600023BB6000233B61002320
:100F58007B613B461946064802F05EFF0346002BBC
:100F680001D001F012FA00BF1837BD4680BD00BF9E
:100F78003C0000200001005080B58AB000AF7860C6
:100F880007F1140300221A605A609A60DA601A6145
:100F98007B681B68154A934223D1154B5B69144A39
:100FA80043F080535361124B5B6903F080533B61FC
:100FB8003B690F4B5B690E4A43F4802353610C4B2A
:100FC8005B6903F48023FB60FB6804237B610323D4
:100FD800BB610023FB6107F114031946054804F0BF
:100FE8003DFA00BF2837BD4680BD00BF0001005054
:100FF800001002400004004880B582B000AF0346EC
:101008000A46FB711346BB710A4B03221A610A4B4D
:1010180002221A70084AFB795370074ABB79937009
:10102800064B054A0349064803F0B3FC00BF0837DE
:10103800BD4680BD8C000020D0000020C0000020EC
:10104800E401002080B500AF064B01221A61064B6F
:1010580000221A70054B044A0249054803F099FC1E
:1010680000BF80BD8C000020D0000020C000002000
:10107800E4010020B0B586B000AF7860A44BA54A63
:101088000021786803F060FDA24B1B69FB60FB68D8
:10109800002B07D19E4B1B7819460120FFF7ACFFA8
:1010A80000F016BD9A4B1B781A469B4B9B5C1A4660
:1010B800FB68934216D0964B1B781A46964B9B5C5E
:1010C800002B07D1924B1B7819460020FFF794FF9D
:1010D80000F0FEBC8E4B1B7819460120FFF78CFFF1
:1010E80000F0F6BC8A4B1B78102B13D1884B5B7829
:1010F800FB7297F90B30642B04DC97F90B3013F172
:10110800640F07DA824B1B7819460520FFF774FF36
:1011180000F0DEBC7E4B1B78112B03D07C4B1B7878
:101128001A2B1BD17A4B5B781B021AB2784B9B782F
:101138001BB213433B81B7F90830784A934205DB69
:10114800B7F9083044F24F62934207DD704B1B78C1
:1011580019460520FFF750FF00F0BABC6C4B1B780E
:101168001B2B33D16A4B5A78694B9B789A4207D923
:10117800674B1B7819460520FFF73EFF00F0A8BC17
:10118800634B9B78642B07D9614B1B781946052064
:10119800FFF732FF00F09CBC5D4BDA785C4B1B79A3
:1011A8009A4207D95A4B1B7819460520FFF724FFA6
:1011B80000F08EBC564B1B79642B07D9544B1B7817
:1011C80019460520FFF718FF00F082BC544B1B7826
:1011D800002B23D14E4B1B78112B17D04C4B1B786F
:1011E800122B13D04A4B1B78182B0FD0484B1B7867
:1011F800192B0BD0464B1B781A2B07D0444B1B7866
:101208001B2B03D0424B1B781C2B07D1404B1B7860
:1012180019460220FFF7F0FE00F05ABC3C4B1B7841
:10122800102B07D03A4B1B78112B03D0384B1B7867
:10123800122B02D13B4B32221A604FF6FF73FB820E
:10124800334B1B781C2B23DC102BC0F2F981103B8D
:101258000C2B00F2F58101A252F823F0A11200082C
:101268009D130008C713000849160008491600080E
:1012780049160008491600084916000823140008F2
:10128800BB1400085315000883150008F915000859
:10129800FF2B00F0CB81D3E11D4B5B785AB2224B78
:1012A8001A70214B93F90020204B1A701E4B93F9AA
:1012B8000030002B02D01E4B00221A601A4B93F903
:1012C8000030012B05D0184B93F90030B3F1FF3FE4
:1012D80002D101F099F8B0E1134B93F90030002BDB
:1012E8002ADD114B93F900301846FFF7BBF84FF091
:1012F8000002104BFFF74AFA02460B4643EC172B45
:10130800B0EE470AF0EE670A01F046F895E100BF33
:10131800D8000020A4000020E4000020B0B9FFFF9E
:10132800520200200C02002050020020510200202E
:101338001002002000005940B14B93F90030002BF7
:101348000CD1B04B1B78002B02D001F087F874E168
:10135800AD4B00221A6001F057F86EE1A84B93F9E3
:101368000030002B80F26981A54B93F900301846B4
:10137800FFF778F84FF00002A44BFFF707FA024690
:101388000B4643EC172BB0EE470AF0EE670A01F064
:1013980003F852E19E4B5B781B029BB29C4A927801
:1013A80013449BB21BB2184600F008FD034603F530
:1013B8000033184601F030F80346FB8240E1944BB5
:1013C8005B781B029BB2924A927813449BB21AB282
:1013D800904B1A808F4BB3F90030002B04D101F0E9
:1013E8003DF80346FB822BE18A4BB3F900301846DF
:1013F800FFF738F84FF00002844BFFF7C7F90246B1
:101408000B4610461946FFF759FB034600EE103A03
:1014180001F048F80346FB8212E17D4B5B781B0222
:101428007B4A927813431846FFF71CF84FF00002E6
:10143800794BFFF7ABF902460B4610461946FFF702
:101448003DFB0446724BDB781B02714A1279134349
:101458001846FFF707F84FF000026C4BFFF796F9B4
:1014680002460B4610461946FFF728FB0546684B0F
:101478005B791B02664A927913431846FEF7F2FF1E
:101488004FF00002644BFFF781F902460B46104605
:101498001946FFF713FB0346012001EE103A00EE50
:1014A800905A00EE104A01F07BF95C4B01221A7049
:1014B800C6E0574B5B781B02554A9278134318468F
:1014C800FEF7D0FF4FF00002534BFFF75FF90246DB
:1014D8000B4610461946FFF7F1FA04464C4BDB78E9
:1014E8001B024B4A127913431846FEF7BBFF4FF015
:1014F8000002464BFFF74AF902460B4610461946CA
:10150800FFF7DCFA0546424B5B791B02404A9279A9
:1015180013431846FEF7A6FF4FF000023E4BFFF7B5
:1015280035F902460B4610461946FFF7C7FA034637
:10153800022001EE103A00EE905A00EE104A01F037
:101548002FF9364B01221A707AE0314B5B781B0277
:101558002F4A92781343324A1362314B1B6A1BB2EB
:10156800184600F02BFC03462E4A13602B4B012231
:101578001A702D4B01221A7062E0254B5A78244BC1
:101588009B789A4215D8224BDA78214B1B799A42DC
:101598000FD81F4B5B78642B0BD81D4B9B78642BA3
:1015A80007D81B4BDB78642B03D8194B1B79642BAA
:1015B80006D9174B1B7819460520FFF71DFD87E252
:1015C800134B5A78164B83F82420114B9A78144BF6
:1015D80083F825200E4BDA78114B83F826200C4B24
:1015E8001A790F4B83F827200C4B01221A7027E039
:1015F800074B5A780A4B1A77084B01221A701FE0DA
:101608005002002052020020100200200000594021
:10161800D8000020E000002000408F402402002075
:1016280028020020E40200205C020020AD4B5B7819
:10163800002B04D103F001FF01E000BF00E000BF70
:10164800A84B1B78012B40F01482A64B5B781C2B0F
:1016580000F2088201A252F823F000BFD916000850
:101668006D1A00086D1A00086D1A00086D1A000836
:101678006D1A00086D1A00086D1A00086D1A000826
:101688006D1A00086D1A00086D1A00086D1A000816
:101698006D1A00086D1A00086D1A0008ED1600088A
:1016A8000D17000865170008CF1700086D1A000805
:1016B8006D1A00086D1A00086D1A0008F117000865
:1016C800D5180008E7190008211A0008571A000859
:1016D8004FF6FF73FB82844B01221A61834B002271
:1016E8001A70C6E14FF6FF73FB827F4B02221A6124
:1016F8007E4B10221A707E4B93F90030DAB27B4B86
:101708005A70B6E17B4B1B78002B06D1754B1B78C2
:1017180019460220FFF770FCDAE14FF6FF73FB82EF
:10172800714B03221A61714B11221A70724B1B689C
:10173800184600F067FB03461A46704B1A806F4B39
:10174800B3F900301B121BB2DAB2684B5A706B4BFC
:10175800B3F90030DAB2654B9A708AE1654B1B78B1
:10176800002B06D15F4B1B7819460220FFF744FC7B
:10177800AEE14FF6FF73FB825B4B03221A615B4BB2
:1017880012221A705E4BD3ED007A9FED5E7A67EEF7
:10179800877AFDEEE77A17EE903A1BB21B121BB25E
:1017A800DAB2524B5A70564BD3ED007A9FED557A08
:1017B80067EE877AFDEEE77A17EE903A1BB2DAB257
:1017C8004A4B9A7055E14B4B1B78002B06D1454B81
:1017D8001B7819460220FFF70FFC79E14FF6FF73DB
:1017E800FB8200F07FFA44E1424B1B78002B06D1C4
:1017F8003C4B1B7819460220FFF7FEFB68E13A4B89
:1018080007221A61394B18221A703F4BD3ED017A1F
:101818009FED3E7A67EE877AFDEEE77A17EE903A0B
:101828001BB21B121BB2DAB2304B5A70364BD3EDD7
:10183800017A9FED367A67EE877AFDEEE77A17EE42
:10184800903A1BB2DAB2294B9A702F4BD3ED027A39
:101858009FED2C7A67EE877AFDEEE77A17EE903ADD
:101868001BB21B121BB2DAB2204BDA70264BD3ED37
:10187800027A9FED247A67EE877AFDEEE77A17EE13
:10188800903A1BB2DAB2194B1A711F4BD3ED037A97
:101898009FED1E7A67EE877AFDEEE77A17EE903AAB
:1018A8001BB21B121BB2DAB2104B5A71164BD3ED96
:1018B800037A9FED167A67EE877AFDEEE77A17EEE0
:1018C800903A1BB2DAB2094B9A71D2E0094B1B78F5
:1018D800002B1DD1034B1B7819460220FFF78CFB08
:1018E800F6E000BFD80000208C000020D0000020C7
:1018F800500200205202002014020020E2000020C2
:10190800180200200000C8422802002000007A4483
:10191800714B07221A61714B19221A70704BD3ED63
:10192800047A9FED707A67EE877AFDEEE77A17EE14
:10193800903A1BB21B121BB2DAB2684B5A70684B52
:10194800D3ED047A9FED677A67EE877AFDEEE77A42
:1019580017EE903A1BB2DAB2604B9A70604BD3ED37
:10196800057A9FED617A67EE877AFDEEE77A17EEE2
:10197800903A1BB21B121BB2DAB2584BDA70584BB2
:10198800D3ED057A9FED587A67EE877AFDEEE77A10
:1019980017EE903A1BB2DAB2504B1A71504BD3ED96
:1019A800067A9FED507A67EE877AFDEEE77A17EEB2
:1019B800903A1BB21B121BB2DAB2484B5A71484B11
:1019C800D3ED067A9FED477A67EE877AFDEEE77AE0
:1019D80017EE903A1BB2DAB2404B9A7149E0434B8A
:1019E8001B78002B06D1424B1B7819460220FFF7C3
:1019F80003FB6DE0384B03221A61384B1A221A7028
:101A0800374B1B6A1B12DAB2344B5A70344B1B6AC1
:101A1800DAB2324B9A702CE02F4B05221A612F4B09
:101A28001B221A702E4B93F824202C4B5A702C4BE7
:101A380093F82520294B9A70294B93F82620274B99
:101A4800DA70274B93F82720244B1A7111E0224BA8
:101A580002221A61214B1C221A70214B1A7F1F4B3C
:101A68005A7006E0224B1B7819460020FFF7C4FA8B
:101A780000BFB7F91630002B08DBFB8ADBB21C4A23
:101A8800127811461846FFF7B7FA21E0184B1B7871
:101A9800012B17D0174B1B690F4A136100233B61B9
:101AA8000BE0134A3B69134419780C4A3B69134409
:101AB8000A461A703B6901333B610E4B1A693B6950
:101AC8009A42EED80C4B054A0349786802F061FF48
:101AD8001837BD46B0BD00BF8C000020D0000020E4
:101AE8002802002000007A440000C8425202002068
:101AF800D8000020A4000020C000002080B58AB0D3
:101B080000AF4D4B02225A704B4B02221A744A4BBB
:101B180003225A74484B03229A74474B0622DA74FC
:101B2800454B07221A76444B07225A76424B03222A
:101B38009A76414B0522DA763F4B02221A773E4BC2
:101B4800022283F8FF203D4B3D4A1A603B4B082296
:101B58005A603A4B00229A60384B0022DA60374BC1
:101B68004FF400321A61354B4FF480025A61334BFF
:101B780000221A76314B00225A76304B00229A7690
:101B88002E4B0022DA762D4B00221A772B4B00229F
:101B98005A772A4802F0F4FC0346002B01D000F0E3
:101BA800F4FB01233B6200237B6100233B61254B4F
:101BB8001B785B013B6000237B604FF6E073BB60E2
:101BC8000023FB600023BB610123FB610E237B62C2
:101BD8003B461946194802F0CEFD0346002B01D0BA
:101BE80000F0D3FB154802F090FE0346002B01D00D
:101BF80000F0CBFB0221114803F0B8F80346002B94
:101C080001D000F0C2FB104B01221A610E4B0022DA
:101C18005A600D4B00229A600B4B0022DA60094B88
:101C28001B781A46084B1A60074B00221A7500BF2A
:101C38002837BD4680BD00BFE4000020E401002035
:101C480000640040000000208C00002080B58AB0AD
:101C580000AF786007F1140300221A605A609A6096
:101C6800DA601A617B681B681B4A934230D11B4BB0
:101C7800DB691A4A43F00073D361184BDB6903F040
:101C880000733B613B69154B5B69144A43F480233D
:101C98005361124B5B6903F48023FB60FB684FF4CC
:101CA80040737B610223BB610023FB6103233B621A
:101CB80009237B6207F114031946094803F0CEFB98
:101CC80000220021142003F08EFB142003F0A7FB50
:101CD80000BF2837BD4680BD0064004000100240A8
:101CE8000004004880B500AF254B06221A61254B39
:101CF80013221A70244B1B68184600F083F8034619
:101D08001A46224B1A80214BB3F900301B121BB222
:101D1800DAB21C4B5A701D4BB3F90030DAB2194BCA
:101D28009A701B4BD3ED007A9FED1A7A67EE877A8B
:101D3800FDEEE77A17EE903A1BB21B121BB2DAB22D
:101D4800104BDA70124BD3ED007A9FED127A67EEE2
:101D5800877AFDEEE77A17EE903A1BB2DAB2094BB2
:101D68001A710D4B93F90030DAB2064B5A710B4BCE
:101D7800044A03490A4802F00CFE00BF80BD00BFB8
:101D88008C000020D00000201C020020E20000206F
:101D9800200200200000C84251020020C00000209C
:101DA800E401002080B582B000AF786000210620F1
:101DB800FFF722F900BF0837BD4680BD80B582B065
:101DC80000AF0146F980B7F9061001F58C41503192
:101DD800C8170A4603464FF000004FF00001990467
:101DE80041EA9231900448F6A0424FF00003FEF712
:101DF800B5FE02460B461346A3F5003318460837CE
:101E0800BD4680BD2DE9B00F87B000AF78617B6912
:101E18000022BB60FA60D7E902234FF000004FF0C0
:101E28000001990041EA9271900002460B46B96898
:101E380012EB0108F96843EB01094FF000024FF07B
:101E480000034FEA091343EA18734FEA0812B2EB8A
:101E5800080463EB09054FF000024FF000032B0163
:101E680043EA14732201B2EB040A63EB050B4FF04B
:101E780000024FF000034FEA4B1343EADA634FEADC
:101E88004A1292469B4652465B46002B07DA0F4998
:101E98005118396043F100037B60D7E900234FF004
:101EA80000004FF00001900C40EA8330991402467C
:101EB8000B4693B2A3F58C43503B9BB21BB218461A
:101EC8001C37BD46BDE8B00F704700BFFFFF0300D9
:101ED80080B588B000AF07F10C0300221A605A6081
:101EE8009A60DA601A61304B5B692F4A43F48003C9
:101EF80053612D4B5B6903F48003BB60BB682A4BBD
:101F08005B69294A43F400335361274B5B6903F447
:101F180000337B607B68244B5B69234A43F480234E
:101F28005361214B5B6903F480233B603B680022CB
:101F38004FF4E0511D4803F00BFC00224FF4C05150
:101F48004FF0904003F004FC0323FB6000233B6147
:101F580001237B6107F10C031946144803F07EFA4C
:101F68004FF4E053FB6001233B6100237B610023B6
:101F7800BB6107F10C0319460C4803F06FFA4FF4E4
:101F8800C053FB6001233B6100237B610023BB61DD
:101F980007F10C0319464FF0904003F05FFA00BFB9
:101FA8002037BD4680BD00BF001002400004004835
:101FB80080B500AF1B4B1C4A1A601A4B1B4A5A606B
:101FC800184B00229A60174B0122DA60154B002249
:101FD8001A61144B00225A61124B00229A61114B6C
:101FE8000022DA610F4B00221A620E4803F0E2FB6E
:101FF8000346002B01D000F0C8F90021094804F07D
:10200800C3F80346002B01D000F0BFF900210548B2
:1020180004F005F90346002B01D000F0B6F900BF23
:1020280080BD00BF60020020005400400E0900205F
:1020380080B58AB000AF786007F1140300221A60F7
:102048005A609A60DA601A617B681B68264A934274
:1020580045D1264B5B69254A43F400335361234B32
:102068005B6903F400333B613B69204B5B691F4AA2
:1020780043F4802353611D4B5B6903F48023FB60A9
:10208800FB684FF400437B611223BB610023FB61B3
:1020980003233B6204237B6207F1140319464FF0C4
:1020A800904003F0DBF980237B611223BB6100239E
:1020B800FB6103233B6204237B6207F11403194687
:1020C8000B4803F0CBF9094BDB69084A43F40013CA
:1020D800D361064BDB6903F40013BB60BB6800BF28
:1020E8002837BD4680BD00BF0054004000100240A4
:1020F8000004004880B586B004AF28237B600C4BF1
:102108003B607B689BB26422029201933B68009318
:1021180001230022A021074803F0F0FC0346002B0E
:1021280001D1002300E0012318460837BD4680BDD1
:10213800280200206002002080B588B004AF282360
:10214800FB600023BB60254B7B603EE0FB68072BF0
:102158001EDDBB689AB264230293082301937B684F
:1021680000930123A0211E4803F0B4FB0346002B73
:102178000CD10A2001F036FB7B6808337B60FB68D2
:10218800083BFB60BB680833BB601EE0012320E00E
:10219800BB689AB2FB689BB26421029101937B6889
:1021A80000930123A0210E4803F094FB0346002B63
:1021B80009D10A2001F016FBFB687A6813447B609A
:1021C8000023FB6001E0012303E0FB68002BBDDC7A
:1021D800002318461037BD4680BD00BF28020020E6
:1021E8006002002080B586B000AF01F095FA00F0DB
:1021F80069F8FFF76DFEFEF761FEFFF77FFCFFF75A
:10220800D7FE00F0EFFB00F03DFE00F08DFE01F080
:102218009FF9254801F0EAFC4FF400614FF0904027
:1022280003F0AEFAFFF766FF0346002B03D11F4BFE
:102238001A781F4B1A70FFF761FC00237B6100239B
:102248003B614FF0FF33FB604FF0FF33BB60194B2E
:1022580001221A70184A3B4692E8030018600433BA
:10226800197039464FF0FF330522144807F004FD72
:102278007B69002B05D0FFF75FFF0346BB60002397
:102288007B613B69002B05D0FFF734FF0346FB60F9
:1022980000233B610A4B1B78002BE9D0FFF74CFF6A
:1022A800074B00221A70E3E73C00002028020020B8
:1022B800000000202502002024A50008200400209A
:1022C8002402002080B59EB000AF07F150032822F9
:1022D8000021184608F0E9F807F13C0300221A60CB
:1022E8005A609A60DA601A613B463C22002118461F
:1022F80008F0DBF803233B654FF480337B6500234C
:10230800BB6501233B6610237B660223FB664FF403
:1023180080333B674FF4E0137B6707F1500318469F
:1023280003F0CAFF0346002B01D000F02EF80F235C
:10233800FB6302233B6400237B644FF48063BB642C
:102348000023FB6407F13C030221184604F0F2FF66
:102358000346002B01D000F018F8A1233B600023AE
:10236800BB604FF480737B620023FB613B461846D9
:1023780005F04EFA0346002B01D000F006F805F0F0
:1023880055F900BF7837BD4680BD80B400AF72B63E
:1023980000BF00BFFDE7000080B582B000AF87ED49
:1023A800000B4FF00002164BD7E90001FEF754FB73
:1023B8000346002B1BD14FF00002124BD7E9000156
:1023C800FEF72CFB0346002B11D10BA3D3E9002306
:1023D800D7E90001FEF7B0F802460B461046194649
:1023E800FEF744FB0346184601F026F900E000BF5B
:1023F8000837BD4680BD00BF0000000040773B4164
:102408000000F03F0000F0BF80B500AF002001F0F1
:1024180013F900BF80BD000080B582B000AF7860BE
:102428007B68B3F5802F01D305230FE0094B1B68A8
:10243800012B03D000F08CF900F0DEF9064A7B6826
:102448001360044B01221A604FF0FF331846083717
:10245800BD4680BD100200201402002080B500AFE8
:102468000C4B1B68042B08D00B4B1B681A460B4BF4
:102478001A6000F06DF900F0BFF9084B1B681A46A6
:10248800074B1A60034B04221A604FF0FF331846BB
:1024980080BD00BF100200201C020020580200204E
:1024A8001402002080B582B000AF87ED010A0C4B02
:1024B8001B68022B07D000F05FF900F09DF9094B6B
:1024C8001B68094A1360094A7B681360044B02229F
:1024D8001A604FF0FF3318460837BD4680BD00BF6D
:1024E800100200201C0200205402002018020020C4
:1024F800B0B582B000AF786039607B685B423968FC
:10250800184600F08FF9F0EE407A8B4BC3ED007A55
:10251800894BD3ED007AB7EE007AF4EEC77AF1EE84
:1025280010FA03DD844B4FF07E521A60824BD3EDD4
:10253800007ABFEE007AF4EEC77AF1EE10FA02D50F
:102548007D4B7E4A1A607C4BD3ED007AF5EEC07A5B
:10255800F1EE10FA35D57A4B93F827301A46784BB6
:1025680093F82630D31A07EE903AB8EEE77A724B12
:10257800D3ED007A67EE277A9FED727AC7EE876A05
:1025880016EE900AFDF780FF04460D466C4B93F853
:1025980026301846FDF766FF4FF000026A4BFEF73B
:1025A800F5F802460B4620462946FDF70DFE024681
:1025B8000B4610461946FEF781FA03465E4A136039
:1025C80034E05F4B93F825301A465D4B93F824307E
:1025D800D31A07EE903AB8EEE77A574BD3ED007A64
:1025E80067EE277A9FED577AC7EE876A16EE900A4C
:1025F800FDF74AFF04460D46514B93F82430184620
:10260800FDF730FF4FF000024F4BFEF7BFF80246D0
:102618000B4620462946FDF7D9FD02460B461046D3
:102628001946FEF74BFA0346434A1360424B1B68B0
:102638001846FDF729FF4FF00002434BFDF77CFFDA
:1026480002460B4610461946FEF710FA03465AB2E0
:102658003E4B1A70384B1B681846FDF715FF0446A9
:102668000D46374B93F824301846FDF7FBFE4FF024
:102678000002354BFEF78AF802460B46104619460B
:102688002BA3D3E90023FDF7A1FD02460B46204604
:102698002946FEF7E1F90346002B0BD0264B1B68B1
:1026A8001846FDF7F1FE02460B4643EC102BFFF7E8
:1026B80073FE37E0204B1B681846FDF7E5FE04461D
:1026C8000D461F4B93F826305B421846FDF7CAFEAD
:1026D8004FF000021C4BFEF759F802460B46104615
:1026E800194613A3D3E90023FDF76EFD02460B46F6
:1026F80020462946FEF792F90346002B10D00E4BD0
:10270800D3ED007AF1EE677A17EE903A1846FDF7A6
:10271800BBFE02460B4643EC102BFFF73DFE01E0E3
:10272800FFF772FE00BF0837BD46B0BDAFF30080AB
:102738007B14AE47E17A843FAC020020000080BFE2
:10274800280200200000C842000059405102002021
:1027580080B400AF054B064A1A60064B01221A6086
:1027680000BFBD465DF8047B704700BFD002002063
:102778002C020020D402002080B400AF054B064A8A
:102788001A60064B02221A6000BFBD465DF8047B42
:10279800704700BFD002002038020020D402002079
:1027A80080B485B000AF87ED030AC7ED020A87ED54
:1027B800011A38603B68012B09D10E4AFB68536047
:1027C8000C4ABB6893600B4A7B68D3600BE03B689C
:1027D800022B08D1074AFB681361064ABB6853619C
:1027E800044A7B68936100BF1437BD465DF8047BDB
:1027F800704700BF2802002080B400AF07494FF09F
:1028080000024FF00003C1E90023054B00221A60C3
:1028180000BFBD465DF8047B704700BFC8020020BA
:10282800C0020020B0B582B000AF78603960614B5B
:102838001B683A689A420FD03B68012B06D1FFF714
:1028480087FF5D4B4FF085421A6005E0FFF794FF64
:10285800594B4FF07E521A607868FDF703FE044624
:102868000D46554B1B681846FDF70EFE4FF000024B
:10287800524BFDF761FE02460B4620462946FDF7FE
:1028880085FF02460B46104619464D4BD3E90023F7
:10289800FDF79CFC02460B464949C1E90023494B18
:1028A8001B6893ED007A7B6807EE903AF8EEE77ABA
:1028B80067EE277A444BC3ED007A424B1B685B688E
:1028C8001846FDF7E1FD3E4BD3E90023FDF734FE42
:1028D80002460B4610461946FEF7F0F803463B4AF7
:1028E8001360384B1B6893ED027A394B1B687A6882
:1028F800D31A07EE903AF8EEE77A67EE277A354B67
:10290800C3ED007A344B1B6807EE903AB8EEE77ACD
:102918002E4BD3ED007AB4EEE77AF1EE10FA09D82F
:102928002D4B1B6807EE903AF8EEE77A274BC3ED7C
:10293800007A18E0284B1B685B4207EE903AB8EE25
:10294800E77A224BD3ED007AB4EEE77AF1EE10FA8B
:1029580009DB214B1B685B4207EE903AF8EEE77AF9
:102968001A4BC3ED007A1D4B1B6801331B4A1360D9
:102978001A4B1B680A2B05DD154A7B681360174B39
:1029880000221A60104B93ED007A104BD3ED007AB9
:1029980037EE277A0F4BD3ED007A77EE277A9FED43
:1029A800107AC7EE876AF0EE667AB0EE670A0837E3
:1029B800BD46B0BDD40200200400002000408F4076
:1029C800C8020020D0020020B0020020B40200207B
:1029D800C0020020B802002008000020BC0200202D
:1029E80000007A4480B500AF1B4B1C4A1A601A4B92
:1029F8004FF482725A60184B4FF480629A60164BFB
:102A08004FF4E062DA60144B00221A61124B012283
:102A18005A61114B4FF400729A610F4B3822DA61F8
:102A28000D4B00221A620C4B00225A620A4B0022FC
:102A38009A62094B0722DA62074B00221A63064B97
:102A480008225A63044805F093F80346002B01D086
:102A5800FFF79BFC00BF80BDEC020020003800405F
:102A680080B58AB000AF786007F1140300221A60BD
:102A78005A609A60DA601A617B681B68174A934249
:102A880028D1174BDB69164A43F48043D361144BB2
:102A9800DB6903F480433B613B69114B5B69104A76
:102AA80043F4802353610E4B5B6903F48023FB607E
:102AB800FB684FF4C0437B610223BB610023FB61C9
:102AC80003233B6205237B6207F11403194605487B
:102AD80002F0C4FC00BF2837BD4680BD0038004066
:102AE800001002400004004880B485B000AFC7E978
:102AF80000010023FB730023BB73D7E900014FF0EB
:102B080000024FF000030A0E00231346FB73D7E9B7
:102B180000014FF000024FF000030A0C0023134697
:102B2800BB73FB7B364AD25CBB7B5340FB73D7E954
:102B380000014FF000024FF000030A0A0023134679
:102B4800BB73FB7B2E4AD25CBB7B5340FB73D7E93C
:102B580000014FF000024FF000030A000023134663
:102B6800BB73FB7B264AD25CBB7B5340FB73D7E924
:102B780000014FF000024FF00003020E42EA01226A
:102B88000B0E1346BB73FB7B1D4AD25CBB7B5340C9
:102B9800FB73D7E900014FF000024FF00003020C6D
:102BA80042EA01420B0C1346BB73FB7B144AD25C0E
:102BB800BB7B5340FB73D7E900014FF000024FF095
:102BC8000003020A42EA01620B0A1346BB73FB7B4D
:102BD8000B4AD25CBB7B5340FB733B68BB73FB7BEC
:102BE800074AD25CBB7B5340FB73FB7B044AD35C34
:102BF800BB73BB7B18461437BD465DF8047B704732
:102C08002CA50008B0B586B000AF00224FF4805163
:102C1800544802F09DFD0023FB8203E000BFFB8ABD
:102C28000133FB82FB8AB3F5B97FF7D3642304220F
:102C38004D494E4805F047F80346002B07D00122BE
:102C48004FF48051474802F083FDFFF79EFB0122B5
:102C58004FF48051434802F07BFD434B1B781A0424
:102C6800414B5B781B0213433F4A92781343FB6046
:102C7800FB6800221C46154620462946FFF734FF0C
:102C88000346DB43DAB23A4B1A70374BDA78384BE3
:102C98001B789A4205D0374B00221A70364B1B68B6
:102CA8005CE0FB689B09BB602F4B9B785B08DBB241
:102CB80003F00103FB712C4B9B7803F00103BB71FC
:102CC800FB79002B02D12C4B1B6847E02B4B1B6870
:102CD8001A46BB681344C3F31103294A1360284BEF
:102CE8001A68254B1B68D31A3B613B69B3F5003F53
:102CF80004DD3B69A3F580233B6107E03B6913F5DD
:102D0800003F03DA3B6903F580233B611D4B1B78C9
:102D1800012B14D81C4B1B78002B10D13B69002BBE
:102D2800B8BF5B424EF66022934208DD154B1B7814
:102D38000133DAB2134B1A700F4B1B680EE0104BBD
:102D48001B680D4A13600B4B01221A700E4B0022B0
:102D58001A700C4B00221A70094B1B68184618375A
:102D6800BD46B0BD00040048D8020020EC02002097
:102D7800E9020020520200201C020020E402002088
:102D8800E0020020E80200205C02002080B483B04A
:102D980000AF0F4B9B690E4A43F0010393610C4B44
:102DA8009B6903F001037B607B68094BDB69084A78
:102DB80043F08053D361064BDB6903F080533B60DB
:102DC8003B6800BF0C37BD465DF8047B704700BF09
:102DD8000010024080B500AF04F0FEFC00BFFDE724
:102DE80080B400AF00BFFDE780B400AF00BFFDE7CF
:102DF80080B400AF00BFFDE780B400AF00BFFDE7BF
:102E080080B400AF00BFBD465DF8047B704780B456
:102E180000AF00BFBD465DF8047B704780B400AFCB
:102E280000BFBD465DF8047B704780B500AF00F079
:102E3800B9FC00BF80BD000080B500AF024801F0BA
:102E4800BBFF00BF80BD00BFE401002080B500AF1C
:102E5800024805F05BFE00BF80BD00BF880300206C
:102E680080B400AF064BD3F88830054A43F47003AA
:102E7800C2F8883000BFBD465DF8047B704700BFCC
:102E880000ED00E080B588B000AF07F11003002224
:102E98001A605A609A60DA603B1D00221A605A6014
:102EA8009A601F4B4FF080421A601D4B01225A60F6
:102EB8001B4B00229A601A4B1A4ADA60184B002200
:102EC8001A61174B00229A61154805F0FBFB03466F
:102ED800002B01D0FFF759FA4FF480533B6107F1FB
:102EE800100319460E4806F045F80346002B01D09A
:102EF800FFF74BFA00237B600023FB603B1D19465C
:102F0800074806F04FFD0346002B01D0FFF73DFAB6
:102F1800034805F02FFC00BF2037BD4680BD00BF29
:102F280088030020407E050080B592B000AF07F10D
:102F38002C0300221A605A609A60DA601A615A619A
:102F48009A613B462C220021184607F0AEFA334B13
:102F5800334A1A60314B00225A60304B00229A6083
:102F68002E4B4FF6FF72DA602C4B00221A612B4B66
:102F780000225A61294B00229A61284805F0A2FBD9
:102F88000346002B01D0FFF700FA244805F05CFC4B
:102F98000346002B01D0FFF7F8F96023FB620023FA
:102FA8003B6300237B630023BB630023FB63002395
:102FB8003B6400237B6407F12C0300221946174861
:102FC80005F0C4FE0346002B01D0FFF7DEF900230D
:102FD8003B6000237B600023BB600023FB60002371
:102FE8003B614FF400537B610023BB610023BB624C
:102FF8003B461946094806F055FD0346002B01D00B
:10300800FFF7C3F90021054805F080FC034800F0EC
:1030180041F800BF4837BD4680BD00BFD40300203B
:103028000048014080B584B000AF78607B681B68B9
:10303800B3F1804F14D1154BDB69144A43F00103F7
:10304800D361124BDB6903F00103FB60FB680022CC
:1030580000211C2002F0C7F91C2002F0E0F910E062
:103068007B681B680A4A93420BD1084B9B69074A45
:1030780043F480239361054B9B6903F48023BB6071
:10308800BB6800BF1037BD4680BD00BF00100240BE
:103098000048014080B588B000AF786007F10C03A4
:1030A80000221A605A609A60DA601A617B681B68AD
:1030B800114A93421CD1114B5B69104A43F4003307
:1030C80053610E4B5B6903F40033BB60BB6880231C
:1030D800FB6002233B6100237B610023BB6101236A
:1030E800FB6107F10C0319464FF0904002F0B6F966
:1030F80000BF2037BD4680BD004801400010024097
:10310800B0B584B000AF7860644B1B78002B00F03A
:10311800FB81634B1B680133614A1360604B1B687A
:10312800092B04DD5E4B00221A60FDF78BFF4FF47C
:1031380080514FF0904002F023FB5A4B1B68013B33
:10314800584A1360574B1B68002B07DAFFF75CF9E6
:10315800554B00221A60534B00221A60FFF752FDAC
:1031680003461A46514B1A60504B1B68B3F1FF3F98
:1031780000F0F5804E4B1B78012B0CD14B4B1A6895
:103188004C4B1B68D31A002B05DD484B1B68013BD1
:10319800484A136037E0464B1B78012B0FD1454B4B
:1031A8001A68424B1B68D31A012B08DD3F4B1B687A
:1031B8000133404A13603E4B00221A7023E03C4B17
:1031C8001B78002B0CD13B4B1A68384B1B68D31A61
:1031D800002B05DD354B1B680133364A136012E0BE
:1031E800334B1B78002B0ED1304B1A68314B1B68C0
:1031F800D31A012B07DD2D4B1B68013B2D4A1360A9
:103208002B4B01221A702B4B1B68284A13602A4B40
:103218001B78012B07D1254B1B681A46274B1A60D0
:10322800254B00221A70214B1B681A46234B1B683A
:10323800D31AFB60FB68B3F5003F03DBFB68A3F51B
:103248008023FB60FB6813F5003F03DCFB6803F594
:103258008023FB60154B1B681A46184B1A60184BE5
:103268001B781946174AFB6842F82130144B1B7823
:103278000133DAB2124B1A70114B1B78042B02D9A6
:103288000F4B00221A7010494FF000024FF0000354
:10329800C1E900230023BB602CE000BF2502002009
:1032A800540300200C0200201002002058030020C4
:1032B8008003002084030020100000205402002016
:1032C800740300206003002078030020904ABB6844
:1032D80052F823301846FDF7C5F88E4BD3E9002382
:1032E800FCF774FF02460B468A49C1E90023BB6814
:1032F8000133BB60BB68042BE8DD864BD3E90001D2
:103308004FF00002844BFDF717F902460B461046B2
:1033180019464FF00002814BFDF738FA02460B467A
:10332800104619464FF000027D4BFDF72FFA024672
:103338000B46104619464FF000027A4BFDF7FCF891
:1033480002460B467349C1E90023724BD3E90023B7
:1033580010461946FDF7B2FB0346734A1360734BD8
:103368001B68B3F1FF3F68D0714B1B68012B03D07A
:103378006F4B1B68042B60D16C4B1B681A466D4B56
:103388001B68D31A1A466C4B1A606B4B1B68B3F553
:10339800003F05DB684B1B68A3F58023664A136072
:1033A800654B1B6813F5003F05DC634B1B6803F591
:1033B8008023614A1360604B1B6813F1400F12DAD7
:1033C8005E4BD3E900014FF000024FF00003FDF718
:1033D80025FB0346002B06D058494FF000024FF05A
:1033E8000003C1E90023544B1B68402B12DD534BEB
:1033F800D3E900014FF000024FF00003FDF72CFB6A
:103408000346002B06D04D494FF000024FF0000351
:10341800C1E90023484B1B683F2B07DC464B1B6860
:1034280013F13F0F02DB444B00221A60424B1B682A
:1034380001211846FFF75CF848E03C4B1B68B3F1E4
:10344800FF3F43D03A4B1B68022B3FD13C4BD3ED97
:10345800007AF5EE407AF1EE10FA0ED1324BD3ED48
:10346800007AF5EE407AF1EE10FA06D133494FF0C2
:1034780000024FF00003C1E90023314BD3ED007A7D
:103488009FED307A67EE877AF1EE677A17EE903A19
:103498001846FCF7F9FF04460D461E4BD3E9000118
:1034A8004FF000021C4BFDF747F802460B4620463A
:1034B8002946FCF78BFE02460B4610461946FDF7D7
:1034C800D5FA034602211846FFF712F8174B1B6876
:1034D800B3F1FF3F19D01C4B1B68002B04D1134BD1
:1034E8001B681846FEF7FEFB174B1B680133164A8C
:1034F8001360164B1B7F1A46134B1B689A4204DC59
:10350800114B00221A6000E000BF1037BD46B0BD65
:103518006003002078030020000059400000144098
:103528000000104100004E402002002058030020F7
:1035380010020020140200205C030020C8020020B2
:10354800180200200000C842500300202802002072
:1035580080B500AF144B154A1A60134B4FF4E13293
:103568005A60114B00229A600F4B0022DA600E4B12
:1035780000221A610C4B0C225A610B4B00229A61F3
:10358800094B0022DA61084B00221A62064B00221E
:103598005A62054806F022FB0346002B01D0FEF7CD
:1035A800F4FE00BF80BD00BF2004002000380140A9
:1035B80080B58AB000AF786007F1140300221A6062
:1035C8005A609A60DA601A617B681B68184A9342ED
:1035D80029D1184B9B69174A43F480439361154BD3
:1035E8009B6903F480433B613B69124B5B69114A59
:1035F80043F4003353610F4B5B6903F40033FB6002
:10360800FB684FF4C0637B610223BB610023FB614D
:1036180003233B6207237B6207F1140319464FF02B
:10362800904001F01BFF00BF2837BD4680BD00BF9A
:10363800003801400010024080B586B000AF7860C5
:103648003E233B74A2237B740123BB740423FB74C5
:103658003A7C7B7C1344DAB2BB7C1344DAB2FB7C41
:103668001344DBB23B757B68DBB23B727B681B1291
:10367800DBB27B727B681B14DBB2BB727B681B0EF0
:10368800DBB2FB723A7A7B7A1344DAB2BB7A134420
:10369800DAB2FB7A1344DBB23B7307F110016423FF
:1036A8000522074806F0E8FA07F108016423052215
:1036B800034806F0E1FA034618461837BD4680BDB0
:1036C80020040020DFF834D00D480E490E4A0023AC
:1036D80002E0D458C4500433C4188C42F9D30B4ABE
:1036E8000B4C002301E013600432A242FBD3FFF726
:1036F800B7FB06F0E3FEFEF775FDFEE7008000204D
:10370800000000201C00002074A6000820000020F3
:10371800A8040020FEE7000080B500AF084B1B6836
:10372800074A43F010031360032001F051FE0F20F5
:1037380000F008F8FFF72AFB0023184680BD00BFF9
:103748000020024080B582B000AF7860124B1A6842
:10375800124B1B7819464FF47A73B3FBF1F3B2FBA3
:10376800F3F3184601F06DFE0346002B01D0012348
:103778000EE07B680F2B0AD8002279684FF0FF30E3
:1037880001F031FE064A7B681360002300E0012344
:1037980018460837BD4680BD0C00002018000020E0
:1037A8001400002080B400AF064B1B781A46064B65
:1037B8001B681344044A136000BFBD465DF8047BD0
:1037C800704700BF18000020A404002080B400AF98
:1037D800034B1B681846BD465DF8047B704700BF65
:1037E800A404002080B584B000AF7860FFF7EEFF36
:1037F800B8607B68FB60FB68B3F1FF3F05D00A4BFC
:103808001B781A46FB681344FB6000BFFFF7DEFF16
:103818000246BB68D31AFA689A42F7D800BF00BFBD
:103828001037BD4680BD00BF1800002080B59AB093
:1038380000AF7860002387F8673000233B660023D9
:10384800BB607B68002B01D10123C9E17B681B6940
:10385800002B7B681B6C03F01003002B76D17B6870
:103868001B6C002B52D17B6800225A647B680022B3
:10387800DA647B6800229A647B68002283F83C2023
:103888007868FDF779FB7B681B689B6803F08053B9
:10389800002B3BD1786800F00DFE034687F86730AF
:1038A8007B681B6C03F01003002B2FD197F867304F
:1038B800002B2BD17B681B6C23F4885323F0020365
:1038C80043F002027B681A647B681B689A687B680D
:1038D8001B6822F040529A607B681B689A687B6874
:1038E8001B6842F080529A60864B1B68864AA2FB8E
:1038F80003239A0C13469B0013445B00BB6002E051
:10390800BB68013BBB60BB68002BF9D17B681B68B7
:103918009B6803F08053002B07D07B681B689B686B
:1039280003F00053B3F1005F10D17B681B6C23F0E8
:10393800120343F010027B681A647B685B6C43F0E7
:1039480001027B685A64012387F867307B681B6C27
:1039580003F01003002B40F0368197F86730002BF6
:1039680040F031817B681B689B6803F00403002BDF
:1039780040F029817B681B6C23F4817343F00202B9
:103988007B681A647B681B68B3F1A04F04D07B681E
:103998001B685E4A934201D15D4B00E05D4BFB65BD
:1039A8007B681B68B3F1A04F02D1584BFB601AE04B
:1039B8007B681B68554A934203D14FF0A043FB60D4
:1039C80011E07B681B68544A934202D1534BFB6059
:1039D80009E07B681B68514A934202D14E4BFB6059
:1039E80001E00023FB607B681B689B6803F003030E
:1039F800012B08D17B681B681B6803F00103012BAE
:103A080001D1012300E00023002B1CD1FB68002B0F
:103A180010D0FB689B6803F00303012B07D1FB68F8
:103A28001B6803F00103012B01D1012300E00023EF
:103A3800002B08D1FB6D9B6823F440327B685B68E0
:103A48001A43FB6D9A607B685B7E5B037A68526BF6
:103A5800012A02D04FF4805200E000221A437B680A
:103A6800DB681A437B689B6813433A6E13433B66D3
:103A78007B6893F82030012B1BD17B685B7E002B81
:103A880009D17B685B6A013B5A043B6E134343F4DC
:103A980080333B660DE07B681B6C23F0220343F008
:103AA80020027B681A647B685B6C43F001027B68C8
:103AB8005A647B689B6A012B3AD07B681B68164A5C
:103AC800934204D07B681B68144A934228D17B68D0
:103AD8009B6AB3F5307F12D07B689B6AB3F5807F11
:103AE8000AD07B689B6AB3F5E07F02D07B689B6A4B
:103AF80018E04FF4807315E04FF4307312E04FF480
:103B0800E0730FE00C00002083DE1B43000100502F
:103B1800000300500007005000040050000500504A
:103B28007B689B6A7A68D26A13433A6E13433B6692
:103B38007B681B689B6803F00C03002B14D17B681F
:103B48001B68DB687A68126823F4804323F0020359
:103B5800D3607B681B7E9A037B6893F830305B00E8
:103B680013433A6E13433B667B681B68DA681E4B47
:103B780013407A681268396E0B43D3607B681B69FF
:103B8800012B0CD17B681B681B6B23F00F017B6832
:103B9800DB695A1E7B681B680A431A6307E07B6867
:103BA8001B681A6B7B681B6822F00F021A637B681C
:103BB80000225A647B681B6C23F0030343F0010264
:103BC8007B681A640AE07B681B6C23F0120343F0DD
:103BD80010027B681A64012387F8673097F867300A
:103BE80018466837BD4680BD07C0F0FF80B584B071
:103BF80000AF78600023FB737B681B689B6803F049
:103C08000403002B40F0F9807B6893F83C30012BCB
:103C180001D10223F4E07B68012283F83C20786814
:103C280000F0E4FB0346FB73FB7B002B40F0E080D5
:103C38007B681B6C23F4706323F0010343F48072E8
:103C48007B681A647B681B68B3F1A04F04D07B685B
:103C58001B686D4A934206D16C4B9B6803F01F03A7
:103C6800002B10D005E06A4B9B6803F01F03002B64
:103C780009D07B681B68B3F1A04F04D07B681B6830
:103C8800644A934215D17B681B6C23F480127B68CD
:103C98001A647B681B68DB6803F00073002B36D05E
:103CA8007B681B6C23F4405343F480527B681A648E
:103CB8002DE07B681B6C43F480127B681A647B6878
:103CC8001B68B3F1A04F04D07B681B684E4A93422F
:103CD8000AD14FF0A043DB6803F00073002B14BF38
:103CE80001230023DBB208E04A4BDB6803F00073D2
:103CF800002B14BF01230023DBB2002B07D07B6805
:103D08001B6C23F4405343F480527B681A647B682D
:103D18001B6C03F48053B3F5805F06D17B685B6C42
:103D280023F006027B685A6402E07B6800225A642A
:103D38007B68002283F83C207B681B681C221A6081
:103D48007B681B68B3F1A04F04D07B681B682E4AC0
:103D5800934206D12D4B9B6803F01F03002B3ED0E6
:103D680005E02B4B9B6803F01F03002B37D07B68C3
:103D78001B68B3F1A04F04D07B681B68224A9342AA
:103D880006D1224B9B6803F01F03052B27D005E0C3
:103D98001F4B9B6803F01F03052B20D07B681B6813
:103DA800B3F1A04F04D07B681B68174A934206D131
:103DB800164B9B6803F01F03092B10D005E0144B2A
:103DC8009B6803F01F03092B09D07B681B68B3F1BC
:103DD800A04F04D07B681B680E4A93420FD17B68C2
:103DE8001B689A687B681B6842F004029A6006E0C8
:103DF8007B68002283F83C2001E00223FB73FB7BF5
:103E080018461037BD4680BD000100500003005021
:103E1800000700500004005080B49BB000AF7860E9
:103E28003960002387F867300023BB607B6893F80C
:103E38003C30012B01D10223C8E27B68012283F8C0
:103E48003C207B681B689B6803F00403002B40F050
:103E5800AC823B685B68042B1CD87B681B68196BB9
:103E68003B685A6813465B0013445B001A461F23DD
:103E78009340DB4319403B6818683B685A6813460F
:103E88005B0013445B0000FA03F27B681B680A437B
:103E98001A6363E03B685B68092B1ED87B681B6864
:103EA800596B3B685A6813465B0013445B001E3B22
:103EB8001F2202FA03F3DB4319403B6818683B688A
:103EC8005A6813465B0013445B001E3B00FA03F27A
:103ED8007B681B680A435A6340E03B685B680E2BAB
:103EE8001ED87B681B68996B3B685A6813465B0051
:103EF80013445B003C3B1F2202FA03F3DB431940E7
:103F08003B6818683B685A6813465B0013445B00BB
:103F18003C3B00FA03F27B681B680A439A631DE086
:103F28007B681B68D96B3B685A6813465B0013446F
:103F38005B005A3B1F2202FA03F3DB4319403B683C
:103F480018683B685A6813465B0013445B005A3B89
:103F580000FA03F27B681B680A43DA637B681B6814
:103F68009B6803F00C03002B40F0E5803B681B685E
:103F7800092B1CD97B681B6899693B681A6813462A
:103F88005B0013441E3B072202FA03F3DB4319408C
:103F98003B6898683B681A6813465B0013441E3BED
:103FA80000FA03F27B681B680A439A6119E07B6890
:103FB8001B6859693B681A6813465B00134407225B
:103FC80002FA03F3DB4319403B6898683B681A68B8
:103FD80013465B00134400FA03F27B681B680A432C
:103FE8005A613B685A697B681B68DB68DB0803F029
:103FF80003035B0002FA03F33B663B681B69013B62
:10400800032B4FD801A252F823F000BF2540000827
:1040180047400008694000088B4000087B681B681F
:104028001A6E994B13403A68126891063A6E0A4321
:104038001A437B681B6842F000421A667BE07B6883
:104048001B685A6E904B13403A68126891063A6E94
:104058000A431A437B681B6842F000425A666AE0CA
:104068007B681B689A6E884B13403A681268910601
:104078003A6E0A431A437B681B6842F000429A660C
:1040880059E07B681B68DA6E7F4B13403A68126808
:1040980091063A6E0A431A437B681B6842F0004255
:1040A800DA6648E07B681B681B6E03F0F8423B68E1
:1040B8001B689B069A4207D17B681B681A6E7B684F
:1040C8001B6822F000421A667B681B685B6E03F06F
:1040D800F8423B681B689B069A4207D17B681B68BD
:1040E8005A6E7B681B6822F000425A667B681B6820
:1040F8009B6E03F0F8423B681B689B069A4207D107
:104108007B681B689A6E7B681B6822F000429A667F
:104118007B681B68DB6E03F0F8423B681B689B06F4
:104128009A4207D17B681B68DA6E7B681B6822F0AD
:104138000042DA6600BF7B681B689B6803F00303D4
:10414800012B08D17B681B681B6803F00103012B56
:1041580001D1012300E00023002B40F031813B68AE
:10416800DB68012B0FD07B681B68D3F8B0103B6865
:104178001B68012202FA03F3DA437B681B680A40D2
:10418800C3F8B02049E07B681B68D3F8B0103B68DF
:104198001B6801229A407B681B680A43C3F8B02059
:1041A8003B681B68092B1CD97B681B6899693B68AD
:1041B8001A6813465B0013441B3B072202FA03F3F9
:1041C800DB4319403B6898683B681A6813465B00F4
:1041D80013441B3B00FA03F27B681B680A439A618D
:1041E8001BE07B681B6859693B681B685A1C1346AF
:1041F8005B001344072202FA03F3DB4319403B68D0
:1042080098683B681B685A1C13465B00134400FA05
:1042180003F27B681B680A435A617B681B68B3F129
:10422800A04F04D07B681B68184A934201D1184BF1
:1042380000E0184BFB653B681B68102B05D1FB6D34
:104248009B6803F40003002B15D03B681B68112BF7
:1042580005D1FB6D9B6803F08073002B0BD03B6886
:104268001B68122B40F0AC80FB6D9B6803F4800345
:10427800002B40F0A5807B681B68B3F1A04F0BD1E1
:10428800024BFB6023E000BF00F0FF8300010050F9
:1042980000030050000700507B681B684E4A934299
:1042A80003D14FF0A043FB6011E07B681B684B4AC9
:1042B800934202D14A4BFB6009E07B681B68484A7D
:1042C800934202D1454BFB6001E00023FB607B6811
:1042D8001B689B6803F00303012B08D17B681B68EC
:1042E8001B6803F00103012B01D1012300E0002327
:1042F800002B50D1FB68002B10D0FB689B6803F0A3
:104308000303012B07D1FB681B6803F00103012B92
:1043180001D1012300E00023002B3CD13B681B683E
:10432800102B1DD17B681B68B3F1A04F18D1FB6D12
:104338009B6843F40002FB6D9A602A4B1B682A4A6B
:10434800A2FB03239A0C13469B0013445B00BB603B
:1043580002E0BB68013BBB60BB68002BF9D12EE0D3
:104368003B681B68112B0BD17B681B68B3F1A04F0E
:1043780006D1FB6D9B6843F08072FB6D9A601EE06E
:104388003B681B68122B1AD1FB6D9B6843F48002B3
:10439800FB6D9A6013E07B681B6C43F020027B681E
:1043A8001A64012387F867300AE07B681B6C43F0C6
:1043B80020027B681A64012387F8673000E000BF99
:1043C8007B68002283F83C2097F8673018466C37E2
:1043D800BD465DF8047B70470001005000040050A2
:1043E800000500500C00002083DE1B4380B584B01C
:1043F80000AF78600023FB607B681B689B6803F054
:104408000303012B08D17B681B681B6803F00103B9
:10441800012B01D1012300E00023002B43D17B684D
:104428001B689A68224B1340002B0DD07B681B6CCD
:1044380043F010027B681A647B685B6C43F00102EE
:104448007B685A6401232FE07B681B689A687B6845
:104458001B6842F001029A60FFF7B8F9F8601BE0A8
:10446800FFF7B4F90246FB68D31A022B14D97B680C
:104478001B681B6803F00103012B0DD07B681B6CC4
:1044880043F010027B681A647B685B6C43F001029E
:104498007B685A64012307E07B681B681B6803F08C
:1044A8000103012BDCD1002318461037BD4680BD1F
:1044B8003F00008080B584B000AF78600023FB60C7
:1044C8007B681B689B6803F00303012B08D17B689A
:1044D8001B681B6803F00103012B01D1012300E0D5
:1044E8000023002B47D07B681B689B6803F00D03F3
:1044F800012B0FD17B681B689A687B681B6842F0A8
:1045080002029A607B681B6803221A60FFF75EF953
:10451800F86029E07B681B6C43F010027B681A6422
:104528007B685B6C43F001027B685A64012323E0DB
:10453800FFF74CF90246FB68D31A022B14D97B68A3
:104548001B689B6803F00103012B0DD17B681B6C72
:1045580043F010027B681A647B685B6C43F00102CD
:104568007B685A64012307E07B681B689B6803F03B
:104578000103012BDCD0002318461037BD4680BD4F
:1045880080B584B000AF78607B68002B01D101232F
:10459800EDE07B6893F82030DBB2002B02D178681D
:1045A800FDF754FB7B681B681A687B681B6842F040
:1045B80001021A60FFF70AF9F86012E0FFF706F93E
:1045C8000246FB68D31A0A2B0BD97B685B6A43F453
:1045D80000327B685A627B68052283F82020012319
:1045E800C5E07B681B685B6803F00103002BE5D01E
:1045F8007B681B681A687B681B6822F002021A60D5
:10460800FFF7E4F8F86012E0FFF7E0F80246FB680D
:10461800D31A0A2B0BD97B685B6A43F400327B6898
:104628005A627B68052283F8202001239FE07B687B
:104638001B685B6803F00203002BE5D17B681B7ED7
:10464800012B08D17B681B681A687B681B6842F0DD
:1046580080021A6007E07B681B681A687B681B6821
:1046680022F080021A607B685B7E012B08D17B6890
:104678001B681A687B681B6842F040021A6007E0F2
:104688007B681B681A687B681B6822F040021A6006
:104698007B689B7E012B08D17B681B681A687B6846
:1046A8001B6842F020021A6007E07B681B681A68E2
:1046B8007B681B6822F020021A607B68DB7E012B76
:1046C80008D17B681B681A687B681B6822F0100297
:1046D8001A6007E07B681B681A687B681B6842F0F1
:1046E80010021A607B681B7F012B08D17B681B684E
:1046F8001A687B681B6842F008021A6007E07B684A
:104708001B681A687B681B6822F008021A607B68BD
:104718005B7F012B08D17B681B681A687B681B6864
:1047280042F004021A6007E07B681B681A687B681D
:104738001B6822F004021A607B689A687B68DB6851
:104748001A437B681B691A437B685B6942EA030169
:104758007B685B685A1E7B681B680A43DA617B6862
:1047680000225A627B68012283F820200023184621
:104778001037BD4680BD80B487B000AF786039601F
:104788007B681B687B617B6893F82030FB74FB7C3B
:10479800012B03D0FB7C022B40F0AA807B69D3F865
:1047A800003243F001027B69C3F800223B685B6971
:1047B80003F01F03012202FA03F3FB607B69D3F8BD
:1047C8001C22FB68DB431A407B69C3F81C223B6848
:1047D800DB69002B23D17B69D3F80C22FB68DB4310
:1047E8001A407B69C3F80C223B68DB6819043B68F4
:1047F8005B689BB23A68526919437B69483243F84F
:1048080032103B689B6819043B681B689AB23B6886
:104818005B690A4379694833DB000B445A603B689B
:10482800DB69012B22D17B69D3F80C22FB681A4380
:104838007B69C3F80C223B681B6819043B685B68FA
:104848009BB23A68526919437B69483243F832107F
:104858003B689B6819043B68DB689AB23B685B69F4
:104868000A4379694833DB000B445A603B689B690B
:10487800002B09D17B69D3F80422FB68DB431A407B
:104888007B69C3F8042207E07B69D3F80422FB683C
:104898001A437B69C3F804223B681B69002B09D1C2
:1048A8007B69D3F81422FB68DB431A407B69C3F8A1
:1048B800142207E07B69D3F81422FB681A437B694A
:1048C800C3F814223B681B6A012B07D17B69D3F814
:1048D8001C22FB681A437B69C3F81C227B69D3F846
:1048E800003223F001027B69C3F80022002306E0AE
:1048F8007B685B6A43F480227B685A62012318460E
:104908001C37BD465DF8047B704780B584B000AFA6
:1049180078607B6893F82030DBB2012B2ED17B685E
:10492800022283F820207B681B681A687B681B6852
:1049380022F001021A60FEF749FFF86012E0FEF764
:1049480045FF0246FB68D31A0A2B0BD97B685B6AC2
:1049580043F400327B685A627B68052283F8202082
:10496800012312E07B681B685B6803F00103002BDE
:10497800E5D17B6800225A62002306E07B685B6A07
:1049880043F400227B685A62012318461037BD465B
:1049980080BD80B489B000AFF860B9607A603B60D0
:1049A800FB6893F82030FB77FB681B689B68BB614A
:1049B800FB7F012B03D0FB7F022B40F0B880BB6943
:1049C80003F08063002B0AD1BB6903F00063002B5E
:1049D80005D1BB6903F08053002B00F0A080BB69B0
:1049E8001B0E03F003037B617B69022B07D9FB686D
:1049F8005B6A43F40002FB685A6201239EE00122CD
:104A08007B699A403B681A60BB689B68002B0DD194
:104A1800BB681B685A05BB68DB68F96809681A43F4
:104A28007B6918331B010B441A600FE0BB685B6895
:104A3800DA00BB689B681A43BB68DB68F9680968D9
:104A48001A437B6918331B010B441A60FB68196809
:104A5800BB681A697B6918331B010B4404331A605D
:104A6800BB681B7D012B11D1FB681A687B69183361
:104A78001B01134404331B68FA68116843F48072FD
:104A88007B6918331B010B4404331A607B680733B6
:104A98001B781A067B6806331B781B041A437B684D
:104AA80005331B781B0213437A68043212781046C8
:104AB800FA68116843EA00027B691B010B4403F59D
:104AC800C6731A607B6803331B781A067B68023347
:104AD8001B781B041A437B6801331B781B021343A2
:104AE8007A6812781046FA68116843EA00027B690E
:104AF8001B010B4403F5C4731A60FB681A687B69D1
:104B080018331B0113441B68FA68116843F001024B
:104B18007B6918331B010B441A6000230EE0FB6805
:104B28005B6A43F40012FB685A62012306E0FB68E3
:104B38005B6A43F48022FB685A62012318462437D3
:104B4800BD465DF8047B704780B487B000AFF8605D
:104B5800B9607A603B60FB6893F82030FB75FB7D99
:104B6800012B03D0FB7D022B40F0F380BB68002BA8
:104B78000ED1FB681B68DB6803F00303002B16D11A
:104B8800FB685B6A43F40012FB685A620123E7E0A2
:104B9800FB681B681B6903F00303002B07D1FB6844
:104BA8005B6A43F40012FB685A620123D8E0FB6891
:104BB8001A68BB681B331B0113441B6803F004020B
:104BC8007B689A607B689B68002B0CD1FB681A682D
:104BD800BB681B331B0113441B685B0DC3F30A023C
:104BE8007B681A600BE0FB681A68BB681B331B0103
:104BF80013441B68DB0823F060427B685A60FB683B
:104C08001A68BB681B331B0113441B6803F00202BC
:104C18007B68DA60FB681A68BB681B331B011344A6
:104C280004331B6803F00F027B681A61FB681A687B
:104C3800BB681B331B01134404331B681B0ADAB21D
:104C48007B689A61FB681A68BB681B331B011344B5
:104C580004331B681B0C9AB27B685A61FB681A689C
:104C6800BB681B01134403F5DC731B68DAB23B68AD
:104C78001A70FB681A68BB681B01134403F5DC73E0
:104C88001B681A0A3B680133D2B21A70FB681A68AB
:104C9800BB681B01134403F5DC731B681A0C3B68E3
:104CA8000233D2B21A70FB681A68BB681B0113443E
:104CB80003F5DC731B681A0E3B680333D2B21A7013
:104CC800FB681A68BB681B01134403F5DE731A6896
:104CD8003B680433D2B21A70FB681A68BB681B01C0
:104CE800134403F5DE731B681A0A3B680533D2B216
:104CF8001A70FB681A68BB681B01134403F5DE735E
:104D08001B681A0C3B680633D2B21A70FB681A6823
:104D1800BB681B01134403F5DE731B681A0E3B685E
:104D28000733D2B21A70BB68002B08D1FB681B6826
:104D3800DA68FB681B6842F02002DA6007E0FB686B
:104D48001B681A69FB681B6842F020021A6100237D
:104D580006E0FB685B6A43F48022FB685A62012321
:104D680018461C37BD465DF8047B704780B485B093
:104D780000AF786039607B6893F82030FB73FB7B69
:104D8800012B02D0FB7B022B09D17B681B68596978
:104D98007B681B683A680A435A61002306E07B680F
:104DA8005B6A43F480227B685A62012318461437F1
:104DB800BD465DF8047B704780B58AB000AF786067
:104DC80000237B627B681B685B693B627B681B68AE
:104DD8005B68FB617B681B689B68BB617B681B68C1
:104DE800DB687B617B681B681B693B617B681B68B0
:104DF8009B69FB603B6A03F00103002B7CD0BB6915
:104E080003F00103002B23D07B681B6801229A6002
:104E1800BB6903F00203002B03D0786800F083F924
:104E280016E0BB6903F00403002B04D07B6A43F44B
:104E380000637B620CE0BB6903F00803002B04D01D
:104E48007B6A43F480537B6202E0786800F089F95A
:104E5800BB6903F48073002B24D07B681B684FF474
:104E680080729A60BB6903F40073002B03D07868E2
:104E780000F063F916E0BB6903F48063002B04D0EB
:104E88007B6A43F400537B620CE0BB6903F4006364
:104E9800002B04D07B6A43F480437B6202E078688D
:104EA80000F069F9BB6903F48033002B24D07B68D8
:104EB8001B684FF480329A60BB6903F40033002BFF
:104EC80003D0786800F043F916E0BB6903F4802347
:104ED800002B04D07B6A43F400437B620CE0BB697F
:104EE80003F40023002B04D07B6A43F480337B62F5
:104EF80002E0786800F049F93B6A03F00803002BE8
:104F08000CD07B6903F01003002B07D07B6A43F4B5
:104F180000737B627B681B681022DA603B6A03F0CF
:104F28000403002B0BD07B6903F00803002B06D089
:104F38007B681B680822DA607868FCF733FF3B6AF5
:104F480003F00203002B09D07B681B68DB6803F0C1
:104F58000303002B02D07868FCF78CF83B6A03F057
:104F68004003002B0CD03B6903F01003002B07D043
:104F78007B6A43F480637B627B681B6810221A613A
:104F88003B6A03F02003002B0BD03B6903F00803B6
:104F9800002B06D07B681B6808221A61786800F02D
:104FA80008F93B6A03F01003002B09D07B681B68E3
:104FB8001B6903F00303002B02D0786800F0EFF8B8
:104FC8003B6A03F40033002B0BD0FB6903F010039A
:104FD800002B06D07B681B6810225A60786800F0A6
:104FE800F2F83B6A03F48033002B0BD0FB6903F023
:104FF8000803002B06D07B681B6808225A60786873
:1050080000F0EBF83B6A03F40043002B7BD0FB690C
:1050180003F00403002B72D03B6A03F48073002B67
:1050280008D0FB6803F00103002B03D07B6A43F030
:1050380001037B623B6A03F40073002B08D0FB6812
:1050480003F00203002B03D07B6A43F002037B6268
:105058003B6A03F48063002B08D0FB6803F0040369
:10506800002B03D07B6A43F004037B623B6A03F4A2
:105078000063002B43D0FB6803F07003002B3ED085
:10508800FB6803F07003602B2BD0602B2ED8502BBD
:1050980022D0502B2AD8402B19D0402B26D8302B81
:1050A80010D0302B22D8102B02D0202B05D01DE099
:1050B8007B6A43F008037B6219E07B6A43F01003C4
:1050C8007B6214E07B6A43F020037B620FE07B6A1B
:1050D80043F040037B620AE07B6A43F080037B6213
:1050E80005E07B6A43F480737B6200E000BF7B6865
:1050F8001B689A697B681B6822F070029A617B685A
:105108001B6804225A607B6A002B08D07B685A6AA5
:105118007B6A1A437B685A62786800F068F800BFB7
:105128002837BD4680BD80B483B000AF786000BF2B
:105138000C37BD465DF8047B704780B483B000AF80
:10514800786000BF0C37BD465DF8047B704780B4BB
:1051580083B000AF786000BF0C37BD465DF8047BB4
:10516800704780B483B000AF786000BF0C37BD468D
:105178005DF8047B704780B483B000AF786000BFEF
:105188000C37BD465DF8047B704780B483B000AF30
:10519800786000BF0C37BD465DF8047B704780B46B
:1051A80083B000AF786000BF0C37BD465DF8047B64
:1051B800704780B483B000AF786000BF0C37BD463D
:1051C8005DF8047B704780B483B000AF786000BF9F
:1051D8000C37BD465DF8047B704780B483B000AFE0
:1051E800786000BF0C37BD465DF8047B704780B41B
:1051F80083B000AF786000BF0C37BD465DF8047B14
:105208007047000080B485B000AF78607B6803F019
:105218000703FB600C4BDB68BB60BA684FF6FF0303
:105228001340BB60FB681A02BB68134343F0BF63BB
:1052380043F40033BB60044ABB68D36000BF143733
:10524800BD465DF8047B704700ED00E080B400AF18
:10525800044BDB681B0A03F007031846BD465DF8DC
:10526800047B704700ED00E080B483B000AF0346D4
:10527800FB7197F90730002B0BDBFB7903F01F025A
:10528800074997F907305B09012000FA02F241F853
:10529800232000BF0C37BD465DF8047B704700BF74
:1052A80000E100E080B483B000AF03463960FB71D1
:1052B80097F90730002B0ADB3B68DAB20C4997F9FB
:1052C80007301201D2B20B4483F800230AE03B688E
:1052D800DAB20849FB7903F00F03043B1201D2B29A
:1052E8000B441A7600BF0C37BD465DF8047B704747
:1052F80000E100E000ED00E080B489B000AFF860A4
:10530800B9607A60FB6803F00703FB61FB69C3F1CE
:105318000703042B28BF0423BB61FB690433062B56
:1053280002D9FB69033B00E000237B614FF0FF32A9
:10533800BB6902FA03F3DA43BB681A407B699A40F7
:105348004FF0FF317B6901FA03F3D9437B680B40C7
:10535800134318462437BD465DF8047B70470000A8
:1053680080B400AFBFF34F8F00BF064BDB6803F478
:10537800E0620449044B1343CB60BFF34F8F00BF77
:1053880000BFFDE700ED00E00400FA0580B582B03B
:1053980000AF78607B68013BB3F1807F01D30123C4
:1053A8000FE00A4A7B68013B53600F214FF0FF3042
:1053B800FFF778FF054B00229A60044B07221A601A
:1053C800002318460837BD4680BD00BF10E000E046
:1053D80080B582B000AF78607868FFF713FF00BF30
:1053E8000837BD4680BD80B586B000AF0346B960BA
:1053F8007A60FB7300237B61FFF728FF78617A6886
:10540800B9687869FFF778FF024697F90F301146B7
:105418001846FFF747FF00BF1837BD4680BD80B567
:1054280082B000AF0346FB7197F907301846FFF7C3
:105438001BFF00BF0837BD4680BD80B500AFFFF732
:105448008FFF80B582B000AF78607868FFF79EFF65
:10545800034618460837BD4680BD000080B487B0B3
:1054680000AF7860396000237B6154E13B681A68BB
:1054780001217B6901FA03F31340FB60FB68002BF1
:1054880000F046813B685B6803F00303012B05D0FD
:105498003B685B6803F00303022B30D17B689B6891
:1054A8003B617B695B00032202FA03F3DB433A6941
:1054B80013403B613B68DA687B695B0002FA03F3DF
:1054C8003A6913433B617B683A699A607B685B6819
:1054D8003B6101227B6902FA03F3DB433A6913401B
:1054E8003B613B685B681B0903F001027B6902FAB8
:1054F80003F33A6913433B617B683A695A603B6836
:105508005B6803F00303032B17D07B68DB683B6100
:105518007B695B00032202FA03F3DB433A69134019
:105528003B613B689A687B695B0002FA03F33A695E
:1055380013433B617B683A69DA603B685B6803F058
:105548000303022B23D17B69DA087B68083253F8FE
:1055580022303B617B6903F007039B000F2202FAAC
:1055680003F3DB433A6913403B613B681A697B6983
:1055780003F007039B0002FA03F33A6913433B6104
:105588007B69DA087B680832396943F822107B683E
:105598001B683B617B695B00032202FA03F3DB4370
:1055A8003A6913403B613B685B6803F003027B691F
:1055B8005B0002FA03F33A6913433B617B683A697B
:1055C8001A603B685B6803F44033002B00F0A0804E
:1055D800584B9B69574A43F001039361554B9B69AC
:1055E80003F00103BB60BB68534A7B699B08023325
:1055F80052F823303B617B6903F003039B000F22C1
:1056080002FA03F3DB433A6913403B617B68B3F169
:10561800904F19D07B68494A934213D07B68484A17
:1056280093420DD07B68474A934207D07B68464A2D
:10563800934201D1042308E0052306E0032304E094
:10564800022302E0012300E000237A6902F003024A
:10565800920093403A6913433B6137497B699B0841
:1056680002333A6941F82320384B1B683B61FB68D9
:10567800DB433A6913403B613B685B6803F4803362
:10568800002B03D03A69FB6813433B612F4A3B69FF
:1056980013602E4B5B683B61FB68DB433A69134040
:1056A8003B613B685B6803F40033002B03D03A6925
:1056B800FB6813433B61254A3B695360234B9B6856
:1056C8003B61FB68DB433A6913403B613B685B68BD
:1056D80003F48013002B03D03A69FB6813433B6142
:1056E8001A4A3B699360194BDB683B61FB68DB43F3
:1056F8003A6913403B613B685B6803F40013002B75
:1057080003D03A69FB6813433B61104A3B69D36095
:105718007B6901337B613B681A687B6922FA03F372
:10572800002B7FF4A3AE00BF00BF1C37BD465DF859
:10573800047B70470010024000000140000400484C
:1057480000080048000C0048001000480004014010
:1057580080B483B000AF78600B467B8013467B70C3
:105768007B78002B03D07A887B689A6102E07A887C
:105778007B689A6200BF0C37BD465DF8047B7047B2
:1057880080B485B000AF78600B467B807B685B692E
:10579800FB607A88FB6813401A04FB68D9437B884E
:1057A8000B401A437B689A6100BF1437BD465DF809
:1057B800047B704780B582B000AF78607B68002BAF
:1057C80001D1012381E07B6893F84130DBB2002BE3
:1057D80006D17B68002283F840207868FCF728FC13
:1057E8007B68242283F841207B681B681A687B68E1
:1057F8001B6822F001021A607B685A687B681B6884
:1058080022F070621A617B681B689A687B681B6863
:1058180022F400429A607B68DB68012B07D17B6821
:105828009A687B681B6842F400429A6006E07B68CD
:105838009A687B681B6842F404429A607B68DB685C
:10584800022B04D17B681B684FF400625A607B68A6
:105858001B685B687A68126843F0007343F400437E
:1058680053607B681B68DA687B681B6822F4004217
:10587800DA607B681A697B685B6942EA03017B68C6
:105888009B691A027B681B680A43DA607B68D969DE
:105898007B681A6A7B681B680A431A607B681B6806
:1058A8001A687B681B6842F001021A607B68002254
:1058B8005A647B68202283F841207B6800221A639F
:1058C8007B68002283F84220002318460837BD462B
:1058D80080BD000080B588B002AFF8600846114668
:1058E8001A4603467B810B463B811346FB80FB68C7
:1058F80093F84130DBB2202B40F0F9803B6A002B53
:1059080002D0BB8C002B05D1FB684FF400725A649F
:105918000123EDE0FB6893F84030012B01D102230D
:10592800E6E0FB68012283F84020FDF74FFF78612D
:105938007B690093192301224FF40041F86800F0B5
:10594800C3FA0346002B01D00123D1E0FB682122D2
:1059580083F84120FB68402283F84220FB6800223C
:105968005A64FB683A6A5A62FB68BA8C5A85FB68C3
:1059780000225A63F8883A8979897B690193BB6A5E
:1059880000930346F86800F0D3F90346002B05D0CE
:10599800FB68002283F840200123A9E0FB685B8DA7
:1059A8009BB2FF2B0ED9FB68FF221A85FB681B8D63
:1059B800DAB27989002300934FF08073F86800F019
:1059C800B5FB0FE0FB685B8D9AB2FB681A85FB6834
:1059D8001B8DDAB27989002300934FF00073F868C1
:1059E80000F0A4FB7A69B96AF86800F0ADFA0346DA
:1059F800002B01D001237BE0FB685B6A1A78FB6807
:105A08001B689A62FB685B6A5A1CFB685A62FB68EF
:105A18005B8D9BB2013B9AB2FB685A85FB681B8D74
:105A2800013B9AB2FB681A85FB685B8D9BB2002B21
:105A380034D0FB681B8D002B30D17B690093BB6A87
:105A480000228021F86800F03FFA0346002B01D0BD
:105A580001234DE0FB685B8D9BB2FF2B0ED9FB68E1
:105A6800FF221A85FB681B8DDAB27989002300931F
:105A78004FF08073F86800F059FB0FE0FB685B8D0E
:105A88009AB2FB681A85FB681B8DDAB27989002304
:105A980000934FF00073F86800F048FBFB685B8DDB
:105AA8009BB2002B9ED17A69B96AF86800F08CFA2B
:105AB8000346002B01D001231AE0FB681B68202253
:105AC800DA61FB681B685968FB681A680A4B0B4067
:105AD8005360FB68202283F84120FB68002283F88A
:105AE8004220FB68002283F84020002300E00223C4
:105AF80018461837BD4680BD00E800FE80B588B05E
:105B080002AFF860084611461A4603467B810B46E9
:105B18003B811346FB80FB6893F84130DBB2202BB6
:105B280040F0FD803B6A002B02D0BB8C002B05D1D6
:105B3800FB684FF400725A640123F1E0FB6893F8A4
:105B48004030012B01D10223EAE0FB68012283F8EF
:105B58004020FDF73BFE78617B6900931923012201
:105B68004FF40041F86800F0AFF90346002B01D06C
:105B78000123D5E0FB68222283F84120FB684022FC
:105B880083F84220FB6800225A64FB683A6A5A622A
:105B9800FB68BA8C5A85FB6800225A63F8883A89F0
:105BA80079897B690193BB6A00930346F86800F022
:105BB80013F90346002B05D0FB68002283F8402028
:105BC8000123ADE0FB685B8D9BB2FF2B0ED9FB6810
:105BD800FF221A85FB681B8DDAB27989524B009334
:105BE8004FF08073F86800F0A1FA0FE0FB685B8D56
:105BF8009AB2FB681A85FB681B8DDAB279894A4B21
:105C080000934FF00073F86800F090FA7B690093F6
:105C1800BB6A00220421F86800F056F90346002BFD
:105C280001D001237CE0FB681B685A6AFB685B6A49
:105C3800D2B21A70FB685B6A5A1CFB685A62FB682E
:105C48001B8D013B9AB2FB681A85FB685B8D9BB282
:105C5800013B9AB2FB685A85FB685B8D9BB2002BAF
:105C680034D0FB681B8D002B30D17B690093BB6A55
:105C780000228021F86800F027F90346002B01D0A4
:105C880001234DE0FB685B8D9BB2FF2B0ED9FB68AF
:105C9800FF221A85FB681B8DDAB2798900230093ED
:105CA8004FF08073F86800F041FA0FE0FB685B8DF5
:105CB8009AB2FB681A85FB681B8DDAB279890023D2
:105CC80000934FF00073F86800F030FAFB685B8DC2
:105CD8009BB2002B9AD17A69B96AF86800F074F916
:105CE8000346002B01D001231AE0FB681B68202221
:105CF800DA61FB681B685968FB681A680B4B0B4034
:105D08005360FB68202283F84120FB68002283F857
:105D18004220FB68002283F84020002300E0022391
:105D280018461837BD4680BD0024008000E800FEF4
:105D380080B586B002AFF860084611461A46034699
:105D48007B810B463B811346FB80FB88DAB279895D
:105D5800204B00934FF08073F86800F0E7F9FA6978
:105D6800B969F86800F0F0F80346002B01D0012368
:105D78002CE0FB88012B05D13B89DAB2FB681B6854
:105D88009A6215E03B891B0A9BB2DAB2FB681B6872
:105D98009A62FA69B969F86800F0D6F80346002BE8
:105DA80001D0012312E03B89DAB2FB681B689A62D2
:105DB800FB690093BB6900228021F86800F084F831
:105DC8000346002B01D0012300E0002318461037BA
:105DD800BD4680BD0020008080B586B002AFF86067
:105DE800084611461A4603467B810B463B811346FB
:105DF800FB80FB88DAB27989204B00930023F8688E
:105E080000F094F9FA69B969F86800F09DF803465A
:105E1800002B01D001232CE0FB88012B05D13B8905
:105E2800DAB2FB681B689A6215E03B891B0A9BB2D1
:105E3800DAB2FB681B689A62FA69B969F86800F017
:105E480083F80346002B01D0012312E03B89DAB224
:105E5800FB681B689A62FB690093BB6900224021BA
:105E6800F86800F031F80346002B01D0012300E068
:105E7800002318461037BD4680BD00BF00200080B3
:105E880080B483B000AF78607B681B689B6903F0BF
:105E98000203022B03D17B681B6800229A627B688D
:105EA8001B689B6903F00103012B07D07B681B6803
:105EB8009A697B681B6842F001029A6100BF0C373F
:105EC800BD465DF8047B704780B584B000AFF860CC
:105ED800B9603B601346FB7122E03B68B3F1FF3FBA
:105EE8001ED0FDF773FC0246BB69D31A3A689A4282
:105EF80002D33B68002B13D1FB685B6C43F0200294
:105F0800FB685A64FB68202283F84120FB68002262
:105F180083F84220FB68002283F8402001230FE029
:105F2800FB681B689A69BB681340BA689A420CBF41
:105F380001230023DBB21A46FB799A42CDD0002315
:105F480018461037BD4680BD80B584B000AFF860F4
:105F5800B9607A602CE07A68B968F86800F070F87F
:105F68000346002B01D001232AE0BB68B3F1FF3FB1
:105F78001ED0FDF72BFC02467B68D31ABA689A42FA
:105F880002D3BB68002B13D1FB685B6C43F0200283
:105F9800FB685A64FB68202283F84120FB680022D2
:105FA80083F84220FB68002283F84020012307E0A1
:105FB800FB681B689B6903F00203022BCBD100230B
:105FC80018461037BD4680BD80B584B000AFF86074
:105FD800B9607A6028E07A68B968F86800F030F843
:105FE8000346002B01D0012326E0FDF7EFFB024614
:105FF8007B68D31ABA689A4202D3BB68002B13D1C4
:10600800FB685B6C43F02002FB685A64FB68202243
:1060180083F84120FB68002283F84220FB680022B5
:1060280083F84020012307E0FB681B689B6903F0A5
:106038002003202BCFD1002318461037BD4680BD42
:1060480080B584B000AFF860B9607A60FB681B68FF
:106058009B6903F01003102B61D1FB681B685B6818
:1060680003F00073B3F1007F2BD0FB681B685A68FC
:10607800FB681B6842F480425A6022E0BB68B3F1B7
:10608800FF3F1ED0FDF7A2FB02467B68D31ABA6811
:106098009A4202D3BB68002B13D1FB685B6C43F0B8
:1060A8002002FB685A64FB68202283F84120FB68C1
:1060B800002283F84220FB68002283F84020012355
:1060C8002EE0FB681B689B6903F02003202BD5D1C9
:1060D800FB681B681022DA61FB681B682022DA6102
:1060E800F868FFF7CDFEFB681B685968FB681A68FB
:1060F8000D4B0B405360FB685B6C43F00402FB687C
:106108005A64FB68202283F84120FB68002283F848
:106118004220FB68002283F84020012300E000238E
:1061280018461037BD4680BD00E800FE80B485B033
:1061380000AFF8607B600B467B8113467B72FB687F
:106148001B685A68BB695B0D03F480610D4B0B43F8
:10615800DB4302EA03017B89C3F309027B7A1B0450
:1061680003F47F031A437B681A43BB691A43FB682D
:106178001B680A435A6000BF1437BD465DF8047BAC
:10618800704700BFFF63FF0380B483B000AF78603F
:1061980039607B6893F84130DBB2202B38D17B68BB
:1061A80093F84030012B01D1022332E07B680122B1
:1061B80083F840207B68242283F841207B681B6891
:1061C8001A687B681B6822F001021A607B681B68EA
:1061D8001A687B681B6822F480521A607B681B6807
:1061E80019687B681B683A680A431A607B681B68F1
:1061F8001A687B681B6842F001021A607B682022DB
:1062080083F841207B68002283F84020002300E0C7
:10621800022318460C37BD465DF8047B704780B4EE
:1062280085B000AF786039607B6893F84130DBB2A5
:10623800202B39D17B6893F84030012B01D1022300
:1062480033E07B68012283F840207B68242283F8AE
:1062580041207B681B681A687B681B6822F0010272
:106268001A607B681B681B68FB60FB6823F470631B
:10627800FB603B681B02FA681343FB607B681B6882
:10628800FA681A607B681B681A687B681B6842F0AA
:1062980001021A607B68202283F841207B68002273
:1062A80083F84020002300E0022318461437BD4637
:1062B8005DF8047B7047000080B5ADF5007D00AF48
:1062C80007F50073A3F5FE73186007F50073A3F5CF
:1062D800FE731B68002B02D1012301F023B807F5D8
:1062E8000073A3F5FE731B681B6803F00103002B02
:1062F80000F07D81BC4B5B6803F00C03042B0CD0D1
:10630800B94B5B6803F00C03082B5CD1B64B5B6898
:1063180003F48033B3F5803F55D14FF40033C7F809
:10632800F031D7F8F03193FAA3F3C7F8EC31D7F886
:10633800EC31B3FA83F3DBB25B09DBB243F0010360
:10634800DBB2012B02D1A84B1B6815E04FF40033D8
:10635800C7F8E831D7F8E83193FAA3F3C7F8E4317E
:106368004FF40033C7F8E031D7F8E03193FAA3F3DC
:10637800C7F8DC319C4B5B6A4FF40032C7F8D82170
:10638800D7F8D82192FAA2F2C7F8D421D7F8D421A5
:10639800B2FA82F2D2B242F02002D2B202F01F0266
:1063A800012101FA02F21340002B00F01F8107F5CA
:1063B8000073A3F5FE731B685B68002B40F0168121
:1063C800012300F0AFBF07F50073A3F5FE731B6848
:1063D8005B68B3F5803F06D1834B1B68824A43F460
:1063E8008033136036E007F50073A3F5FE731B686E
:1063F8005B68002B0CD17C4B1B687B4A23F48033F1
:106408001360794B1B68784A23F48023136021E0DA
:1064180007F50073A3F5FE731B685B68B3F5A02F3F
:106428000CD1714B1B68704A43F4802313606E4B88
:106438001B686D4A43F4803313600BE06A4B1B689A
:10644800694A23F480331360674B1B68664A23F458
:1064580080231360644BDB6A23F00F0207F5007397
:10646800A3F5FE731B689B685F491343CB6207F56E
:106478000073A3F5FE731B685B68002B59D0FDF70A
:10648800A5F9C7F8F8010AE0FDF7A0F90246D7F820
:10649800F831D31A642B02D9032300F043BF4FF419
:1064A8000033C7F8D031D7F8D03193FAA3F3C7F83F
:1064B800CC31D7F8CC31B3FA83F3DBB25B09DBB26A
:1064C80043F00103DBB2012B02D1474B1B6815E0F7
:1064D8004FF40033C7F8C831D7F8C83193FAA3F39B
:1064E800C7F8C4314FF40033C7F8C031D7F8C0310A
:1064F80093FAA3F3C7F8BC313B4B5B6A4FF4003205
:10650800C7F8B821D7F8B82192FAA2F2C7F8B4218F
:10651800D7F8B421B2FA82F2D2B242F02002D2B253
:1065280002F01F02012101FA02F21340002BABD046
:106538005DE0FDF74BF9C7F8F8010AE0FDF746F909
:106548000246D7F8F831D31A642B02D9032300F096
:10655800E9BE4FF40033C7F8B031D7F8B03193FA39
:10656800A3F3C7F8AC31D7F8AC31B3FA83F3DBB295
:106578005B09DBB243F00103DBB2012B02D11A4BFA
:106588001B6815E04FF40033C7F8A831D7F8A831D5
:1065980093FAA3F3C7F8A4314FF40033C7F8A03136
:1065A800D7F8A03193FAA3F3C7F89C310E4B5B6A76
:1065B8004FF40032C7F89821D7F8982192FAA2F23E
:1065C800C7F89421D7F89421B2FA82F2D2B242F0F5
:1065D8002002D2B202F01F02012101FA02F2134096
:1065E800002BABD103E000BF0010024000BF07F54D
:1065F8000073A3F5FE731B681B6803F00203002BEE
:1066080000F07D81A64B5B6803F00C03002B0BD0D8
:10661800A34B5B6803F00C03082B72D1A04B5B689B
:1066280003F48033002B6CD10223C7F89031D7F8DC
:10663800903193FAA3F3C7F88C31D7F88C31B3FAB9
:1066480083F3DBB25B09DBB243F00103DBB2012B5E
:1066580002D1934B1B6813E00223C7F88831D7F89F
:10666800883193FAA3F3C7F884310223C7F880313D
:10667800D7F8803193FAA3F3C7F87C31884B5B6A6B
:106688000222C7F87821D7F8782192FAA2F2C7F83F
:106698007421D7F87421B2FA82F2D2B242F0200201
:1066A800D2B202F01F02012101FA02F21340002BBC
:1066B8000AD007F50073A3F5FE731B681B69012B4D
:1066C80002D0012300F02EBE754B1B6823F0F802A0
:1066D80007F50073A3F5FE731B685B69F821C7F81B
:1066E8007011D7F8701191FAA1F1C7F86C11D7F8A9
:1066F8006C11B1FA81F1C9B28B40694913430B603F
:10670800FDE007F50073A3F5FE731B681B69002BFA
:1067180000F088800123C7F86831D7F8683193FA08
:10672800A3F3C7F86431D7F86431B3FA83F3DBB263
:1067380003F1845303F584139B001A460123136065
:10674800FDF744F8C7F8F8010AE0FDF73FF80246FC
:10675800D7F8F831D31A022B02D9032300F0E2BD8F
:106768000223C7F86031D7F8603193FAA3F3C7F86A
:106778005C31D7F85C31B3FA83F3DBB25B09DBB287
:1067880043F00103DBB2012B02D1454B1B6813E038
:106798000223C7F85831D7F8583193FAA3F3C7F84A
:1067A80054310223C7F85031D7F8503193FAA3F384
:1067B800C7F84C313A4B5B6A0222C7F84821D7F830
:1067C800482192FAA2F2C7F84421D7F84421B2FA34
:1067D80082F2D2B242F02002D2B202F01F020121AC
:1067E80001FA02F21340002BAFD02D4B1B6823F0A7
:1067F800F80207F50073A3F5FE731B685B69F821BF
:10680800C7F84011D7F8401191FAA1F1C7F83C1127
:10681800D7F83C11B1FA81F1C9B28B402049134332
:106828000B606CE00123C7F83831D7F8383193FA98
:10683800A3F3C7F83431D7F83431B3FA83F3DBB2B2
:1068480003F1845303F584139B001A460023136055
:10685800FCF7BCFFC7F8F8010AE0FCF7B7FF0246EF
:10686800D7F8F831D31A022B02D9032300F05ABD06
:106878000223C7F83031D7F8303193FAA3F3C7F8B9
:106888002C31D7F82C31B3FA83F3DBB25B09DBB2D6
:1068980043F00103DBB2012B04D1014B1B6815E067
:1068A800001002400223C7F82831D7F8283193FA9C
:1068B800A3F3C7F824310223C7F82031D7F82031D1
:1068C80093FAA3F3C7F81C31C84B5B6A0222C7F8D6
:1068D8001821D7F8182192FAA2F2C7F81421D7F88C
:1068E8001421B2FA82F2D2B242F02002D2B202F0FD
:1068F8001F02012101FA02F21340002BADD107F566
:106908000073A3F5FE731B681B6803F00803002BD4
:1069180000F0108107F50073A3F5FE731B689B69EF
:10692800002B79D00123C7F81031D7F8103193FA2A
:10693800A3F3C7F80C31D7F80C31B3FA83F3DBB201
:106948001A46AB4B13449B001A4601231360FCF70D
:106958003DFFC7F8F8010AE0FCF738FF0246D7F810
:10696800F831D31A022B02D9032300F0DBBC02232F
:10697800C7F80831D7F8083193FAA3F3C7F80431F8
:1069880007F50073A3F5807302221A6007F50073F8
:10699800A3F580731B6893FAA3F207F50073A3F5B8
:1069A80082731A6007F50073A3F5847302221A60D4
:1069B80007F50073A3F584731B6893FAA3F207F530
:1069C8000073A3F586731A60884B5A6A07F500733B
:1069D800A3F588730221196007F50073A3F588737E
:1069E8001B6893FAA3F107F50073A3F58A7319607E
:1069F80007F50073A3F58A731B68B3FA83F3DBB258
:106A080043F06003DBB203F01F03012101FA03F333
:106A18001340002BA0D08DE007F50073A3F58C730D
:106A280001221A6007F50073A3F58C731B6893FAAB
:106A3800A3F207F50073A3F58E731A6007F50073C8
:106A4800A3F58E731B68B3FA83F3DBB21A46684B5F
:106A580013449B001A4600231360FCF7B7FEC7F8DF
:106A6800F8010AE0FCF7B2FE0246D7F8F831D31A6B
:106A7800022B02D9032300F055BC07F50073A3F5D8
:106A8800907302221A6007F50073A3F590731B68D0
:106A980093FAA3F207F50073A3F592731A6007F54A
:106AA8000073A3F5947302221A6007F50073A3F527
:106AB80094731B6893FAA3F207F50073A3F5967312
:106AC8001A6007F50073A3F5987302221A6007F598
:106AD8000073A3F598731B6893FAA3F207F5007384
:106AE800A3F59A731A60414B5A6A07F50073A3F528
:106AF8009C730221196007F50073A3F59C731B684A
:106B080093FAA3F107F50073A3F59E73196007F5CF
:106B18000073A3F59E731B68B3FA83F3DBB243F0EB
:106B28006003DBB203F01F03012101FA03F31340F2
:106B3800002B97D107F50073A3F5FE731B681B683C
:106B480003F00403002B00F0A181002387F8FF3134
:106B5800264BDB6903F08053002B16D1234BDB69EE
:106B6800224A43F08053D361204BDB6903F0805203
:106B780007F50073A3F5FC731A6007F50073A3F516
:106B8800FC731B68012387F8FF311A4B1B6803F459
:106B98008073002B1AD1174B1B68164A43F4807375
:106BA8001360FCF713FEC7F8F80109E0FCF70EFEC6
:106BB8000246D7F8F831D31A642B01D90323B1E37D
:106BC8000C4B1B6803F48073002BEFD007F50073A0
:106BD800A3F5FE731B68DB68012B0DD1034B1B6A01
:106BE800024A43F0010313623CE000BF0010024078
:106BF800208190100070004007F50073A3F5FE7324
:106C08001B68DB68002B0CD1C14B1B6AC04A23F000
:106C180001031362BE4B1B6ABD4A23F004031362CF
:106C280020E007F50073A3F5FE731B68DB68052BEE
:106C38000CD1B74B1B6AB64A43F004031362B44B3A
:106C48001B6AB34A43F0010313620BE0B04B1B6AA3
:106C5800AF4A23F001031362AD4B1B6AAC4A23F021
:106C68000403136207F50073A3F5FE731B68DB6862
:106C7800002B00F08180FCF7A9FDC7F8F8010BE0B4
:106C8800FCF7A4FD0246D7F8F831D31A41F288324E
:106C9800934201D9032345E307F50073A3F5A073D5
:106CA80002221A6007F50073A3F5A0731B6893FA14
:106CB800A3F207F50073A3F5A2731A6007F5007332
:106CC800A3F5A47302221A6007F50073A3F5A47351
:106CD8001B6893FAA3F207F50073A3F5A6731A606D
:106CE80007F50073A3F5A6731B68B3FA83F3DBB249
:106CF8005B09DBB243F00203DBB2022B02D1844B07
:106D08001B6A13E007F50073A3F5A87302221A6043
:106D180007F50073A3F5A8731B6893FAA3F207F5A8
:106D28000073A3F5AA731A60794B5B6A07F50072C2
:106D3800A2F5AC720221116007F50072A2F5AC72DF
:106D4800126892FAA2F107F50072A2F5AE7211600C
:106D580007F50072A2F5AE721268B2FA82F2D2B2E8
:106D680042F04002D2B202F01F02012101FA02F2FF
:106D78001340002B84D07FE0FCF728FDC7F8F8010A
:106D88000BE0FCF723FD0246D7F8F831D31A41F29D
:106D98008832934201D90323C4E207F50073A3F5AF
:106DA800B07302221A6007F50073A3F5B0731B686D
:106DB80093FAA3F207F50073A3F5B2731A6007F507
:106DC8000073A3F5B47302221A6007F50073A3F5E4
:106DD800B4731B6893FAA3F207F50073A3F5B673AF
:106DE8001A6007F50073A3F5B6731B68B3FA83F34B
:106DF800DBB25B09DBB243F00203DBB2022B02D148
:106E0800434B1B6A13E007F50073A3F5B87302221E
:106E18001A6007F50073A3F5B8731B6893FAA3F219
:106E280007F50073A3F5BA731A60394B5B6A07F567
:106E38000072A2F5BC720221116007F50072A2F57A
:106E4800BC72126892FAA2F107F50072A2F5BE723E
:106E5800116007F50072A2F5BE721268B2FA82F2EA
:106E6800D2B242F04002D2B202F01F02012101FA6E
:106E780002F21340002B84D197F8FF31012B05D182
:106E8800234BDB69224A23F08053D36107F5007353
:106E9800A3F5FE731B68DB69002B00F042821C4BD4
:106EA8005B6803F00C03082B00F0138207F50073EE
:106EB800A3F5FE731B68DB69022B40F0628107F5BE
:106EC8000073A3F5C0734FF080721A6007F5007362
:106ED800A3F5C0731B6893FAA3F207F50073A3F533
:106EE800C2731A6007F50073A3F5C2731B68B3FA7F
:106EF80083F3DBB203F1845303F584139B001A4632
:106F080000231360FCF762FCC7F8F8010CE000BF2F
:106F180000100240FCF75AFC0246D7F8F831D31AA1
:106F2800022B01D90323FDE107F50073A3F5C47310
:106F38004FF000721A6007F50073A3F5C4731B685D
:106F480093FAA3F207F50073A3F5C6731A6007F561
:106F58000073A3F5C6731B68B3FA83F3DBB25B094E
:106F6800DBB243F00103DBB2012B02D1B04B1B684B
:106F780027E007F50073A3F5C8734FF000721A6095
:106F880007F50073A3F5C8731B6893FAA3F207F516
:106F98000073A3F5CA731A6007F50073A3F5CC73E1
:106FA8004FF000721A6007F50073A3F5CC731B68E5
:106FB80093FAA3F207F50073A3F5CE731A609C4BFE
:106FC8005B6A07F50072A2F5D0724FF0007111608C
:106FD80007F50072A2F5D072126892FAA2F107F5CD
:106FE8000072A2F5D272116007F50072A2F5D27292
:106FF8001268B2FA82F2D2B242F02002D2B202F0A1
:107008001F02012101FA02F21340002B82D1884BA2
:107018005B6823F4741207F50073A3F5FE731B680D
:10702800596A07F50073A3F5FE731B681B6A0B43C7
:107038007F4913434B6007F50073A3F5D4734FF0F2
:1070480080721A6007F50073A3F5D4731B6893FA6E
:10705800A3F207F50073A3F5D6731A6007F500735A
:10706800A3F5D6731B68B3FA83F3DBB203F1845339
:1070780003F584139B001A4601231360FCF7A6FB53
:10708800C7F8F80109E0FCF7A1FB0246D7F8F83188
:10709800D31A022B01D9032344E107F50073A3F5A2
:1070A800D8734FF000721A6007F50073A3F5D87310
:1070B8001B6893FAA3F207F50073A3F5DA731A6055
:1070C80007F50073A3F5DA731B68B3FA83F3DBB231
:1070D8005B09DBB243F00103DBB2012B02D1544B55
:1070E8001B6827E007F50073A3F5DC734FF0007207
:1070F8001A6007F50073A3F5DC731B6893FAA3F213
:1071080007F50073A3F5DE731A6007F50073A3F59E
:10711800E0734FF000721A6007F50073A3F5E0738F
:107128001B6893FAA3F207F50073A3F5E2731A60DC
:107138003F4B5B6A07F50072A2F5E4724FF00071ED
:10714800116007F50072A2F5E472126892FAA2F1D2
:1071580007F50072A2F5E672116007F50072A2F554
:10716800E6721268B2FA82F2D2B242F02002D2B2C9
:1071780002F01F02012101FA02F21340002B82D013
:10718800CFE007F50073A3F5E8734FF080721A603B
:1071980007F50073A3F5E8731B6893FAA3F207F5E4
:1071A8000073A3F5EA731A6007F50073A3F5EA7391
:1071B8001B68B3FA83F3DBB203F1845303F584133A
:1071C8009B001A4600231360FCF700FBC7F8F80180
:1071D80009E0FCF7FBFA0246D7F8F831D31A022B7C
:1071E80001D903239EE007F50073A3F5EC734FF074
:1071F80000721A6007F50073A3F5EC731B6893FA25
:10720800A3F207F50073A3F5EE731A6007F5007390
:10721800A3F5EE731B68B3FA83F3DBB25B09DBB249
:1072280043F00103DBB2012B04D1014B1B6829E0B9
:107238000010024007F50073A3F5F0734FF00072D9
:107248001A6007F50073A3F5F0731B6893FAA3F2AD
:1072580007F50073A3F5F2731A6007F50073A3F539
:10726800F4734FF000721A6007F50073A3F5F47316
:107278001B6893FAA3F207F50073A3F5F6731A6077
:107288002B4B5B6A07F50072A2F5F8724FF000719C
:10729800116007F50072A2F5F872126892FAA2F16D
:1072A80007F50072A2F5FA72116007F50072A2F5EF
:1072B800FA721268B2FA82F2D2B242F02002D2B264
:1072C80002F01F02012101FA02F21340002B80D1C3
:1072D80027E007F50073A3F5FE731B68DB69012B34
:1072E80001D101231EE0124B5B68C7F8F431D7F8CF
:1072F800F43103F4803207F50073A3F5FE731B68BD
:107308001B6A9A420BD1D7F8F43103F4701207F5CF
:107318000073A3F5FE731B685B6A9A4201D00123D0
:1073280000E00023184607F50077BD4680BD00BF82
:107338000010024080B59EB000AF7860396000232D
:107348007B677B68002B01D1012362E1904B1B68AE
:1073580003F007033A689A4210D98D4B1B6823F053
:1073680007028B493B6813430B60894B1B6803F08A
:1073780007033A689A4201D001234AE17B681B68F7
:1073880003F00203002B08D0824B5B6823F0F00265
:107398007B689B687F4913434B607B681B6803F0DD
:1073A8000103002B00F0DC807B685B68012B3CD17B
:1073B8004FF400333B673B6F93FAA3F3FB66FB6E16
:1073C800B3FA83F3DBB25B09DBB243F00103DBB250
:1073D800012B02D16F4B1B680FE04FF40033BB66E3
:1073E800BB6E93FAA3F37B664FF400333B663B6EA8
:1073F80093FAA3F3FB65674B5B6A4FF40032BA65F7
:10740800BA6D92FAA2F27A657A6DB2FA82F2D2B2C3
:1074180042F02002D2B202F01F02012101FA02F268
:107428001340002B7BD10123F3E07B685B68022BC0
:107438003CD14FF000733B653B6D93FAA3F3FB64BB
:10744800FB6CB3FA83F3DBB25B09DBB243F00103F5
:10745800DBB2012B02D14F4B1B680FE04FF00073DA
:10746800BB64BB6C93FAA3F37B644FF000733B647B
:107478003B6C93FAA3F3FB63464B5B6A4FF00072D5
:10748800BA63BA6B92FAA2F27A637A6BB2FA82F2B0
:10749800D2B242F02002D2B202F01F02012101FA58
:1074A80002F21340002B3AD10123B2E002233B63DE
:1074B8003B6B93FAA3F3FB62FB6AB3FA83F3DBB289
:1074C8005B09DBB243F00103DBB2012B02D1314B84
:1074D8001B680DE00223BB62BB6A93FAA3F37B62CD
:1074E80002233B623B6A93FAA3F3FB61294B5B6A75
:1074F8000222BA61BA6992FAA2F27A617A69B2FA98
:1075080082F2D2B242F02002D2B202F01F0201216E
:1075180001FA02F21340002B01D1012379E01D4B3F
:107528005B6823F003027B685B681A4913434B606E
:10753800FCF74CF978670AE0FCF748F902467B6FDC
:10754800D31A41F28832934201D9032361E0114BE7
:107558005B6803F00C027B685B689B009A42EBD186
:107568000B4B1B6803F007033A689A4214D2084B86
:107578001B6823F0070206493B6813430B60044B62
:107588001B6803F007033A689A4205D0012340E0DC
:1075980000200240001002407B681B6803F00403CF
:1075A800002B08D01D4B5B6823F4E0627B68DB6826
:1075B8001A4913434B607B681B6803F00803002BD0
:1075C80009D0164B5B6823F460527B681B69DB00AB
:1075D800124913434B6000F045F801460F4B5B68B6
:1075E80003F0F003F0223A613A6992FAA2F2FA60E3
:1075F800FA68B2FA82F2D2B2D340094AD35C21FACD
:1076080003F3084A1360084B1B681846FCF79AF8FE
:10761800002318467837BD4680BD00BF00100240E1
:107628002CA600080C0000201400002080B483B0B1
:1076380000AF4FF400237B607B6893FAA3F33B60B1
:107648003B68B3FA83F3DBB203F1845303F5841385
:107658009B001A460123136000BF0C37BD465DF836
:10766800047B704780B48BB000AF0023FB6100231C
:10767800BB6100237B6200237B6100233B62294BB3
:107688005B68FB61FB6903F00C03042B02D0082B39
:1076980003D03CE0244B3B623CE0FB6903F47013ED
:1076A8004FF47012BA60BA6892FAA2F27A607A68F5
:1076B800B2FA82F2D2B2D3401C4AD35C7B61194B36
:1076C800DB6A03F00F030F223A613A6992FAA2F2D9
:1076D800FA60FA68B2FA82F2D2B2D340144AD35CA2
:1076E800BB61FB6903F48033002B08D00E4ABB69E9
:1076F800B2FBF3F27B6902FB03F37B6204E07B6974
:107708000C4A02FB03F37B627B6A3B6202E0064B96
:107718003B6200BF3B6A18462C37BD465DF8047BC8
:10772800704700BF0010024000127A0044A600080B
:1077380054A6000800093D0080B400AF034B1B6845
:107748001846BD465DF8047B704700BF0C0000205A
:1077580080B582B000AFFFF7EFFF01460B4B5B68C7
:1077680003F4E0634FF4E0627A607A6892FAA2F276
:107778003A603A68B2FA82F2D2B2D340044AD35C91
:1077880021FA03F318460837BD4680BD00100240B1
:107798003CA6000880B582B000AFFFF7CDFF0146D8
:1077A8000B4B5B6803F460534FF460527A607A685D
:1077B80092FAA2F23A603A68B2FA82F2D2B2D340AE
:1077C800044AD35C21FA03F318460837BD4680BD46
:1077D800001002403CA6000880B500AF064B9B682D
:1077E80003F08003802B04D100F00AF8034B8022B9
:1077F8001A7000BF80BD00BF001002400A1002408E
:1078080080B400AF00BFBD465DF8047B7047000040
:1078180080B592B000AF786000233B640023FB631F
:10782800002387F847307B681B6803F48033002BFC
:1078380000F0D4804E4BDB6903F08053002B0ED14F
:107848004B4BDB694A4A43F08053D361484BDB69B1
:1078580003F08053BB60BB68012387F84730454B72
:107868001B6803F48073002B18D1424B1B68414AF4
:1078780043F480731360FBF7A9FF386408E0FBF753
:10788800A5FF02463B6CD31A642B01D9032369E197
:10789800384B1B6803F48073002BF0D0344B1B6A01
:1078A80003F44073FB63FB6B002B00F084807B6860
:1078B8005B6803F44073FA6B9A427CD02C4B1B6ACA
:1078C80023F44073FB634FF480333B633B6B93FAC1
:1078D800A3F3FB62FB6AB3FA83F3DBB21A46264BC7
:1078E80013449B001A46012313604FF48033BB6393
:1078F800BB6B93FAA3F37B637B6BB3FA83F3DBB2C3
:107908001A461D4B13449B001A4600231360184A5D
:10791800FB6B1362FB6B03F00103002B4BD0FBF7EF
:1079280055FF38640AE0FBF751FF02463B6CD31A57
:1079380041F28832934201D9032313E10223BB6247
:10794800BB6A93FAA3F37B6202233B623B6A93FA16
:10795800A3F3FB61FB69B3FA83F3DBB25B09DBB228
:1079680043F00203DBB2022B08D1014B1B6A0DE086
:107978000010024000700040008190100223BB619B
:10798800BB6993FAA3F37B61784B5B6A02223A6185
:107998003A6992FAA2F2FA60FA68B2FA82F2D2B2BC
:1079A80042F04002D2B202F01F02012101FA02F2B3
:1079B8001340002BB7D06D4B1B6A23F440727B68D1
:1079C8005B686A4913430B6297F84730012B05D16E
:1079D800664BDB69654A23F08053D3617B681B687B
:1079E80003F00103002B08D0604B1B6B23F003024C
:1079F8007B689B685D4913430B637B681B6803F0D6
:107A08000203002B08D0594B1B6B23F440327B68D0
:107A1800DB68564913430B637B681B6803F0040358
:107A2800002B08D0514B1B6B23F440227B681B6949
:107A38004E4913430B637B681B6803F02003002B3C
:107A480008D04A4B1B6B23F010027B68DB6947495F
:107A580013430B637B681B6803F40033002B08D0C7
:107A6800424B5B6823F480027B689B6B3F4913435E
:107A78004B607B681B6803F04003002B08D03B4B2E
:107A88001B6B23F020027B681B6A384913430B6386
:107A98007B681B6803F00803002B08D0334B1B6B73
:107AA80023F440127B685B69304913430B637B689E
:107AB8001B6803F01003002B08D02C4B1B6B23F41E
:107AC80040027B689B69294913430B637B681B68E9
:107AD80003F40073002B08D0244B5B6823F40002E6
:107AE8007B68DB6A214913434B607B681B6803F0A2
:107AF8008003002B08D01D4BDB6A23F4F8727B68E7
:107B08005B6A1A491343CB627B681B6803F4807372
:107B1800002B08D0154BDB6A23F478527B689B6AEC
:107B280012491343CB627B681B6803F48053002B14
:107B380008D00E4B1B6B23F480727B681B6B0B49C0
:107B480013430B637B681B6803F40053002B08D0B6
:107B5800064B1B6B23F400727B685B6B0349134372
:107B68000B63002318464837BD4680BD001002400D
:107B780080B584B000AF78607B68002B01D1012309
:107B88009DE07B685B6A002B08D17B685B68B3F576
:107B9800827F09D07B680022DA6105E07B680022D9
:107BA8001A617B6800225A617B6800229A627B68AE
:107BB80093F85D30DBB2002B06D17B68002283F896
:107BC8005C207868FAF74CFF7B68022283F85D2016
:107BD8007B681B681A687B681B6822F040021A6081
:107BE8007B68DB68B3F5E06F02D90023FB6002E035
:107BF8004FF48053FB607B68DB68B3F5706F07D088
:107C08007B68DB68B3F5E06F02D07B6800229A627C
:107C18007B685B6803F482727B689B6803F40443A7
:107C28001A437B681B6903F002031A437B685B698C
:107C380003F001031A437B689B6903F400731A433A
:107C48007B68DB6903F038031A437B681B6A03F01F
:107C5800800342EA03017B689B6A03F400527B6855
:107C68001B680A431A607B689B691B0C03F00402BB
:107C78007B685B6A03F010031A437B685B6B03F055
:107C880008031A437B68DB6803F4706342EA030164
:107C9800FB6803F480527B681B680A435A607B6860
:107CA8001B68DA697B681B6822F40062DA617B680A
:107CB80000221A667B68012283F85D20002318469B
:107CC8001037BD4680BD80B588B002AFF860B96096
:107CD8003B601346FB800023FB75FB685B68B3F5CC
:107CE800827F12D1FB689B68002B0ED1FB680422AF
:107CF80083F85D20FA883B6800931346BA68B96830
:107D0800F86800F010F9034609E1FB6893F85C3065
:107D1800012B01D1022302E1FB68012283F85C20D8
:107D2800FBF754FD3861FB6893F85D30DBB2012B3B
:107D380002D00223FB75E9E0BB68002B02D0FB8868
:107D4800002B02D10123FB75E0E0FB68042283F8D5
:107D58005D20FB6800221A66FB68BA681A64FB6833
:107D6800FA88A3F84420FB68FA88A3F84620FB6841
:107D780000229A63FB6800229A87FB680022DA8750
:107D8800FB680022DA64FB6800221A65FB68DB687E
:107D9800B3F5E06F08D9FB681B685A68FB681B6875
:107DA80022F480525A6007E0FB681B685A68FB6837
:107DB8001B6842F480525A60FB689B68B3F5004F19
:107DC8000FD1FB681B681A68FB681B6822F0400229
:107DD8001A60FB681B681A68FB681B6822F48042FB
:107DE8001A60FB681B681B6803F04003402B07D030
:107DF800FB681B681A68FB681B6842F040021A603F
:107E0800FB68DB68B3F5E06F67D830E0FB681B6898
:107E18009B6803F00103012B17D1FB681B6803F172
:107E28000C02FB681B6C1278D2B21A70FB681B6CD0
:107E38005A1CFB681A64FB68B3F846309BB2013BD6
:107E48009AB2FB68A3F8462011E0FBF7BFFC024694
:107E58003B69D31A3A689A4203D83B68B3F1FF3FAB
:107E680002D13B68002B02D10323FB754EE0FB686F
:107E7800B3F846309BB2002BC8D134E0FB681B68CE
:107E88009B6803F00103012B15D1FB681B68DA68B6
:107E9800FB681B6C92B21A80FB681B6C9A1CFB680F
:107EA8001A64FB68B3F846309BB2013B9AB2FB6890
:107EB800A3F8462011E0FBF789FC02463B69D31A78
:107EC8003A689A4203D83B68B3F1FF3F02D13B6856
:107ED800002B02D10323FB7518E0FB68B3F846308A
:107EE8009BB2002BCAD13A693968F86800F04CFB9C
:107EF8000346002B02D0FB6820221A66FB681B6E23
:107F0800002B02D00123FB7500E000BFFB680122B3
:107F180083F85D20FB68002283F85C20FB7D18460F
:107F28001837BD4680BD80B58AB000AFF860B9602B
:107F38007A607B8001237B62002387F82330FB680B
:107F480093F85C30012B01D10223FBE1FB6801228D
:107F580083F85C20FBF73AFCF861FB6893F85D3026
:107F6800FB76FB685B687B617B887B827B883B82D6
:107F7800FB7E012B0ED07B69B3F5827F06D1FB68AF
:107F88009B68002B02D1FB7E042B03D0022387F8C9
:107F98002330CDE1BB68002B05D07B68002B02D0D5
:107FA8007B88002B03D1012387F82330C0E1FB68CD
:107FB80093F85D30DBB2042B03D0FB68052283F80D
:107FC8005D20FB6800221A66FB687A681A64FB6801
:107FD8007A88A3F84620FB687A88A3F84420FB68CF
:107FE800BA689A63FB687A88DA87FB687A889A871E
:107FF800FB680022DA64FB6800221A65FB68DB680C
:10800800B3F5E06F02D83B8A012B08D9FB681B68DF
:108018005A68FB681B6822F480525A6007E0FB68C4
:108028001B685A68FB681B6842F480525A60FB68F8
:108038001B681B6803F04003402B07D0FB681B68D4
:108048001A68FB681B6842F040021A60FB68DB682C
:10805800B3F5E06F7CD9FB685B68002B02D07B8AA4
:10806800012B69D1FB689B6B1A88FB681B68DA6077
:10807800FB689B6B9A1CFB689A63FB68DB8F9BB25F
:10808800013B9AB2FB68DA8756E0FB681B689B687D
:1080980003F00203022B1BD1FB68DB8F9BB2002B82
:1080A80016D07B6A012B13D1FB689B6B1A88FB687F
:1080B8001B68DA60FB689B6B9A1CFB689A63FB6819
:1080C800DB8F9BB2013B9AB2FB68DA8700237B62A5
:1080D800FB681B689B6803F00103012B1CD1FB683C
:1080E800B3F846309BB2002B16D0FB681B68DA68E1
:1080F800FB681B6C92B21A80FB681B6C9A1CFB68AD
:108108001A64FB68B3F846309BB2013B9AB2FB682D
:10811800A3F8462001237B62FBF758FB0246FB6964
:10812800D31A3A6B9A4207D83B6BB3F1FF3F03D09F
:10813800032387F82330FBE0FB68DB8F9BB2002B1F
:10814800A3D1FB68B3F846309BB2002B9DD1DFE08A
:10815800FB685B68002B03D07B8A012B40F0CB8047
:10816800FB68DB8F9BB2012B12D9FB689B6B1A88CB
:10817800FB681B68DA60FB689B6B9A1CFB689A6358
:10818800FB68DB8F9BB2023B9AB2FB68DA87B2E0EE
:10819800FB689A6BFB681B680C3312781A70FB68D3
:1081A8009B6B5A1CFB689A63FB68DB8F9BB2013B95
:1081B8009AB2FB68DA879EE0FB681B689B6803F04D
:1081C8000203022B34D1FB68DB8F9BB2002B2FD02C
:1081D8007B6A012B2CD1FB68DB8F9BB2012B12D958
:1081E800FB689B6B1A88FB681B68DA60FB689B6BF3
:1081F8009A1CFB689A63FB68DB8F9BB2023B9AB2BE
:10820800FB68DA8712E0FB689A6BFB681B680C3323
:1082180012781A70FB689B6B5A1CFB689A63FB68A0
:10822800DB8F9BB2013B9AB2FB68DA8700237B6243
:10823800FB681B689B6803F00103012B48D1FB68AE
:10824800B3F846309BB2002B42D0FB68B3F84630F7
:108258009BB2012B23D9FB681B68DA68FB681B6C8F
:1082680092B21A80FB681B6C9A1CFB681A64FB6844
:10827800B3F846309BB2023B9AB2FB68A3F846209B
:10828800FB68B3F846309BB2012B1FD8FB681B680C
:108298005A68FB681B6842F480525A6016E0FB6813
:1082A8001B6803F10C02FB681B6C1278D2B21A70BF
:1082B800FB681B6C5A1CFB681A64FB68B3F84630F1
:1082C8009BB2013B9AB2FB68A3F8462001237B626C
:1082D800FBF77CFA0246FB69D31A3A6B9A4203D839
:1082E8003B6BB3F1FF3F02D13B6B002B03D1032360
:1082F80087F823301CE0FB68DB8F9BB2002B7FF4F0
:108308005BAFFB68B3F846309BB2002B7FF454AFE9
:10831800FA69396BF86800F08FF90346002B06D02C
:10832800012387F82330FB6820221A6600E000BF8B
:10833800FB68012283F85D20FB68002283F85C203B
:1083480097F8233018462837BD4680BD80B588B0D9
:1083580000AFF860B9603B601346FB71FBF736FA73
:108368000246BB6A9B1A3A681344FB61FBF72EFA74
:10837800B861394B1B685B011B0DFA6902FB03F3FB
:108388007B6154E03B68B3F1FF3F50D0FBF71EFA26
:108398000246BB69D31AFA699A4202D9FB69002BD3
:1083A8003DD1FB681B685A68FB681B6822F0E00235
:1083B8005A60FB685B68B3F5827F11D1FB689B68E4
:1083C800B3F5004F04D0FB689B68B3F5806F07D105
:1083D800FB681B681A68FB681B6822F040021A6079
:1083E800FB689B6AB3F5005F0FD1FB681B681A68CE
:1083F800FB681B6822F400521A60FB681B681A6845
:10840800FB681B6842F400521A60FB68012283F87B
:108418005D20FB68002283F85C20032317E07B695A
:10842800002B01D10023FB617B69013B7B61FB6869
:108438001B689A68BB681340BA689A420CBF01234C
:108448000023DBB21A46FB799A429BD100231846D7
:108458002037BD4680BD00BF0C00002080B58AB023
:1084680000AFF860B9607A603B600023FB75FBF7EA
:10847800ADF902463B6B9B1A3A6813447B62FBF7E3
:10848800A5F93862FB681B680C33FB613D4B1A6821
:1084980013469B001344DA00D31A1B0D7A6A02FBB9
:1084A80003F3BB6160E0BB68B3F5C06F07D17B68BD
:1084B800002B04D1FB691B78DBB2FB75FB7D3B68A5
:1084C800B3F1FF3F50D0FBF781F902463B6AD31A5C
:1084D8007A6A9A4202D97B6A002B3DD1FB681B68F5
:1084E8005A68FB681B6822F0E0025A60FB685B6808
:1084F800B3F5827F11D1FB689B68B3F5004F04D0B8
:10850800FB689B68B3F5806F07D1FB681B681A6826
:10851800FB681B6822F040021A60FB689B6AB3F58F
:10852800005F0FD1FB681B681A68FB681B6822F4A0
:1085380000521A60FB681B681A68FB681B6842F4E3
:1085480000521A60FB68012283F85D20FB68002254
:1085580083F85C20032310E0BB69002B01D10023C2
:108568007B62BB69013BBB61FB681B689A68BB689F
:1085780013407A689A4296D1002318462837BD4698
:1085880080BD00BF0C00002080B586B002AFF86047
:10859800B9607A60FB685B68B3F5827F11D1FB68CC
:1085A8009B68B3F5004F04D0FB689B68B3F5806FF8
:1085B80007D1FB681B681A68FB681B6822F0400239
:1085C8001A607B680093BB6800228021F868FFF777
:1085D800BDFE0346002B07D0FB681B6E43F020024C
:1085E800FB681A66032323E0FB685B68B3F5827FA8
:1085F8001DD1FB689B68B3F5004F04D0FB689B68EE
:10860800B3F5806F13D17B680093BB6800224FF4E9
:10861800C061F868FFF722FF0346002B07D0FB680C
:108628001B6E43F02002FB681A66032300E0002358
:1086380018461037BD4680BD80B586B002AFF860D9
:10864800B9607A607B680093BB6800224FF4C05120
:10865800F868FFF703FF0346002B07D0FB681B6E83
:1086680043F02002FB681A66032327E07B68009327
:10867800BB6800228021F868FFF768FE0346002BDC
:1086880007D0FB681B6E43F02002FB681A660323C1
:1086980014E07B680093BB6800224FF4C061F8685F
:1086A800FFF7DCFE0346002B07D0FB681B6E43F088
:1086B8002002FB681A66032300E0002318461037DF
:1086C800BD4680BD80B582B000AF78607B68002B66
:1086D80001D1012349E07B6893F83D30DBB2002BE0
:1086E80006D17B68002283F83C207868FAF79AFC68
:1086F8007B68022283F83D207B681A687B68043314
:108708001946104600F028FD7B68012283F84820AE
:108718007B68012283F83E207B68012283F83F2092
:108728007B68012283F840207B68012283F841207E
:108738007B68012283F842207B68012283F843206A
:108748007B68012283F844207B68012283F8452056
:108758007B68012283F846207B68012283F8472042
:108768007B68012283F83D20002318460837BD4660
:1087780080BD000080B485B000AF78607B6893F856
:108788003D30DBB2012B01D001234AE07B68022295
:1087980083F83D207B681B68DA687B681B6842F0B9
:1087A8000102DA607B681B68214A934218D07B6813
:1087B8001B68B3F1804F13D07B681B681D4A934236
:1087C8000ED07B681B681C4A934209D07B681B68E3
:1087D8001A4A934204D07B681B68194A934215D100
:1087E8007B681B689A68174B1340FB60FB68062B75
:1087F80015D0FB68B3F5803F11D07B681B681A68F9
:108808007B681B6842F001021A6008E07B681B68FD
:108818001A687B681B6842F001021A6000E000BF1A
:10882800002318461437BD465DF8047B704700BF27
:10883800002C0140000400400008004000340140C2
:10884800004001400700010080B582B000AF7860A9
:108858007B68002B01D1012349E07B6893F83D3008
:10886800DBB2002B06D17B68002283F83C207868B5
:1088780000F041F87B68022283F83D207B681A6883
:108888007B6804331946104600F066FC7B680122B9
:1088980083F848207B68012283F83E207B68012208
:1088A80083F83F207B68012283F840207B680122FF
:1088B80083F841207B68012283F842207B680122EB
:1088C80083F843207B68012283F844207B680122D7
:1088D80083F845207B68012283F846207B680122C3
:1088E80083F847207B68012283F83D20002318463F
:1088F8000837BD4680BD80B483B000AF786000BF44
:108908000C37BD465DF8047B7047000080B584B025
:1089180000AF786039603B68002B09D17B6893F819
:108928003E30DBB2012B14BF01230023DBB23CE055
:108938003B68042B09D17B6893F83F30DBB2012BED
:1089480014BF01230023DBB22FE03B68082B09D1B9
:108958007B6893F84030DBB2012B14BF012300235E
:10896800DBB222E03B680C2B09D17B6893F84130DD
:10897800DBB2012B14BF01230023DBB215E03B68F7
:10898800102B09D17B6893F84230DBB2012B14BF5E
:1089980001230023DBB208E07B6893F84330DBB2A5
:1089A800012B14BF01230023DBB2002B01D00123CC
:1089B80097E03B68002B04D17B68022283F83E20B5
:1089C80023E03B68042B04D17B68022283F83F2014
:1089D8001BE03B68082B04D17B68022283F8402007
:1089E80013E03B680C2B04D17B68022283F84120FA
:1089F8000BE03B68102B04D17B68022283F84220ED
:108A080003E07B68022283F843207B681B6801220D
:108A18003968184600F0A0FF7B681B68334A934208
:108A280013D07B681B68324A93420ED07B681B6860
:108A3800304A934209D07B681B682F4A934204D07E
:108A48007B681B682D4A934201D1012300E0002373
:108A5800002B07D07B681B685A6C7B681B6842F444
:108A680000425A647B681B68204A934218D07B688E
:108A78001B68B3F1804F13D07B681B68204A934270
:108A88000ED07B681B681F4A934209D07B681B681D
:108A9800174A934204D07B681B68164A934215D143
:108AA8007B681B689A68184B1340FB60FB68062BB1
:108AB80015D0FB68B3F5803F11D07B681B681A6836
:108AC8007B681B6842F001021A6008E07B681B683B
:108AD8001A687B681B6842F001021A6000E000BF58
:108AE800002318461037BD4680BD00BF002C01404A
:108AF800003401400040014000440140004801406A
:108B080000040040000800400700010080B582B062
:108B180000AF78607B681B681B6903F00203022BB7
:108B280022D17B681B68DB6803F00203022B1BD190
:108B38007B681B686FF002021A617B6801221A7752
:108B48007B681B689B6903F00303002B03D07868DC
:108B580000F0E3FA05E0786800F0D5FA786800F0EC
:108B6800E6FA7B6800221A777B681B681B6903F0AA
:108B78000403042B22D17B681B68DB6803F0040321
:108B8800042B1BD17B681B686FF004021A617B6899
:108B980002221A777B681B689B6903F44073002BD9
:108BA80003D0786800F0B9FA05E0786800F0ABFA0D
:108BB800786800F0BCFA7B6800221A777B681B682B
:108BC8001B6903F00803082B22D17B681B68DB684C
:108BD80003F00803082B1BD17B681B686FF00802A1
:108BE8001A617B6804221A777B681B68DB6903F0CB
:108BF8000303002B03D0786800F08FFA05E078684B
:108C080000F081FA786800F092FA7B6800221A77FF
:108C18007B681B681B6903F01003102B22D17B684B
:108C28001B68DB6803F01003102B1BD17B681B68E3
:108C38006FF010021A617B6808221A777B681B683C
:108C4800DB6903F44073002B03D0786800F065FA01
:108C580005E0786800F057FA786800F068FA7B68F1
:108C680000221A777B681B681B6903F00103012B3C
:108C78000ED17B681B68DB6803F00103012B07D169
:108C88007B681B686FF001021A617868FAF738FA96
:108C98007B681B681B6903F08003802B0ED17B68FF
:108CA8001B68DB6803F08003802B07D17B681B6897
:108CB8006FF080021A61786800F07CFF7B681B689F
:108CC8001B6903F48073B3F5807F0ED17B681B6842
:108CD800DB6803F08003802B07D17B681B686FF487
:108CE80080721A61786800F06FFF7B681B681B69E7
:108CF80003F04003402B0ED17B681B68DB6803F050
:108D08004003402B07D17B681B686FF040021A6153
:108D1800786800F016FA7B681B681B6903F020036B
:108D2800202B0ED17B681B68DB6803F02003202B07
:108D380007D17B681B686FF020021A61786800F021
:108D48002FFF00BF0837BD4680BD000080B586B044
:108D580000AFF860B9607A600023FB75FB6893F890
:108D68003C30012B01D10223FFE0FB68012283F88C
:108D78003C207B68142B00F2F08001A252F823F00B
:108D8800DD8D0008638F0008638F0008638F00087B
:108D98001D8E0008638F0008638F0008638F00082A
:108DA8005F8E0008638F0008638F0008638F0008D8
:108DB8009F8E0008638F0008638F0008638F000888
:108DC800E18E0008638F0008638F0008638F000836
:108DD800218F0008FB681B68B968184600F04CFA38
:108DE800FB681B689A69FB681B6842F008029A6175
:108DF800FB681B689A69FB681B6822F004029A6189
:108E0800FB681B689969BB681A69FB681B680A4399
:108E18009A61A5E0FB681B68B968184600F0BCFABF
:108E2800FB681B689A69FB681B6842F400629A61D8
:108E3800FB681B689A69FB681B6822F480629A6168
:108E4800FB681B689969BB681B691A02FB681B6889
:108E58000A439A6184E0FB681B68B968184600F009
:108E680025FBFB681B68DA69FB681B6842F008028F
:108E7800DA61FB681B68DA69FB681B6822F0040288
:108E8800DA61FB681B68D969BB681A69FB681B68EB
:108E98000A43DA6164E0FB681B68B968184600F0A9
:108EA8008DFBFB681B68DA69FB681B6842F400628B
:108EB800DA61FB681B68DA69FB681B6822F4806268
:108EC800DA61FB681B68D969BB681B691A02FB6811
:108ED8001B680A43DA6143E0FB681B68B9681846F7
:108EE80000F0D6FBFB681B685A6DFB681B6842F0F4
:108EF80008025A65FB681B685A6DFB681B6822F0FC
:108F080004025A65FB681B68596DBB681A69FB68DF
:108F18001B680A435A6523E0FB681B68B968184652
:108F280000F01AFCFB681B685A6DFB681B6842F46A
:108F380000625A65FB681B685A6DFB681B6822F45F
:108F480080625A65FB681B68596DBB681B691A0209
:108F5800FB681B680A435A6502E00123FB7500BFE2
:108F6800FB68002283F83C20FB7D18461837BD4675
:108F780080BD00BF80B584B000AF78603960002341
:108F8800FB737B6893F83C30012B01D10223B6E0D8
:108F98007B68012283F83C207B68022283F83D200D
:108FA8007B681B689B68BB60BB6823F4803323F035
:108FB8007703BB60BB6823F47F43BB607B681B6897
:108FC800BA689A603B681B68B3F5005F3ED0B3F59A
:108FD800005F00F28780B3F5805F00F08680B3F50C
:108FE800805F7FD8702B1AD0702B7BD8602B50D025
:108FF800602B77D8502B3CD0502B73D8402B58D0AF
:10900800402B6FD8302B64D0302B6BD8202B60D0FE
:10901800202B67D8002B5CD0102B5AD062E07B68DD
:1090280018683B6899683B685A683B68DB6800F0D9
:1090380073FC7B681B689B68BB60BB6843F0770365
:10904800BB607B681B68BA689A604FE07B681868E9
:109058003B6899683B685A683B68DB6800F05CFCD1
:109068007B681B689A687B681B6842F480429A6038
:109078003CE07B6818683B6859683B68DB681A46BF
:1090880000F0D0FB7B681B685021184600F029FCD3
:109098002CE07B6818683B6859683B68DB681A46AF
:1090A80000F0EFFB7B681B686021184600F019FC94
:1090B8001CE07B6818683B6859683B68DB681A469F
:1090C80000F0B0FB7B681B684021184600F009FCE3
:1090D8000CE07B681A683B681B681946104600F06C
:1090E80000FC03E00123FB7300E000BF7B68012262
:1090F80083F83D207B68002283F83C20FB7B1846E0
:109108001037BD4680BD80B483B000AF786000BF23
:109118000C37BD465DF8047B704780B483B000AF60
:10912800786000BF0C37BD465DF8047B704780B49B
:1091380083B000AF786000BF0C37BD465DF8047B94
:10914800704780B483B000AF786000BF0C37BD466D
:109158005DF8047B7047000080B485B000AF78608C
:1091680039607B681B68FB607B683C4A93420FD080
:109178007B68B3F1804F0BD07B68394A934207D0A4
:109188007B68384A934203D07B68374A934208D1B8
:10919800FB6823F07003FB603B685B68FA68134365
:1091A800FB607B682D4A93421BD07B68B3F1804FEC
:1091B80017D07B682A4A934213D07B68294A934286
:1091C8000FD07B68284A93420BD07B68274A93428A
:1091D80007D07B68264A934203D07B68254A93428E
:1091E80008D1FB6823F44073FB603B68DB68FA68CE
:1091F8001343FB60FB6823F080023B685B69134301
:10920800FB607B68FA681A603B689A687B68DA6278
:109218003B681A687B689A627B68104A93420FD051
:109228007B68114A93420BD07B68104A934207D05F
:109238007B680F4A934203D07B680E4A934203D15E
:109248003B681A697B681A637B6801225A6100BF10
:109258001437BD465DF8047B704700BF002C014001
:109268000004004000080040003401400040014074
:10927800004401400048014080B487B000AF7860E6
:1092880039607B681B6A23F001027B681A627B687D
:109298001B6A7B617B685B683B617B689B69FB60E1
:1092A800FB6823F4803323F07003FB60FB6823F032
:1092B8000303FB603B681B68FA681343FB607B6928
:1092C80023F002037B613B689B687A6913437B61E7
:1092D8007B682C4A93420FD07B682B4A93420BD071
:1092E8007B682A4A934207D07B68294A934203D075
:1092F8007B68284A93420CD17B6923F008037B6181
:109308003B68DB687A6913437B617B6923F004035C
:109318007B617B681B4A93420FD07B681A4A934251
:109328000BD07B68194A934207D07B68184A93424E
:1093380003D07B68174A934211D13B6923F48073A9
:109348003B613B6923F400733B613B685B693A69A5
:1093580013433B613B689B693A6913433B617B68F4
:109368003A695A607B68FA689A613B685A687B6810
:109378005A637B687A691A6200BF1C37BD465DF87C
:10938800047B7047002C014000340140004001403C
:10939800004401400048014080B487B000AF7860C5
:1093A80039607B681B6A23F010027B681A627B684D
:1093B8001B6A7B617B685B683B617B689B69FB60C0
:1093C800FB6823F0807323F4E043FB60FB6823F41D
:1093D8004073FB603B681B681B02FA681343FB6021
:1093E8007B6923F020037B613B689B681B017A69DA
:1093F80013437B617B68284A934203D07B68274AE2
:1094080093420DD17B6923F080037B613B68DB6865
:109418001B017A6913437B617B6923F040037B61FD
:109428007B681D4A93420FD07B681C4A93420BD03D
:109438007B681B4A934207D07B681A4A934203D041
:109448007B68194A934213D13B6923F480633B61DB
:109458003B6923F400633B613B685B699B003A69A5
:1094680013433B613B689B699B003A6913433B612B
:109478007B683A695A607B68FA689A613B685A68FF
:109488007B689A637B687A691A6200BF1C37BD469D
:109498005DF8047B704700BF002C01400034014098
:1094A80000400140004401400048014080B487B0BA
:1094B80000AF786039607B681B6A23F480727B6830
:1094C8001A627B681B6A7B617B685B683B617B68AF
:1094D800DB69FB60FB6823F4803323F07003FB60D7
:1094E800FB6823F00303FB603B681B68FA681343BF
:1094F800FB607B6923F400737B613B689B681B02FC
:109508007A6913437B617B68274A934203D07B685F
:10951800264A93420DD17B6923F400637B613B6843
:10952800DB681B027A6913437B617B6923F48063E0
:109538007B617B681C4A93420FD07B681B4A93422D
:109548000BD07B681A4A934207D07B68194A93422A
:1095580003D07B68184A934213D13B6923F48053A4
:109568003B613B6923F400533B613B685B691B012A
:109578003A6913433B613B689B691B013A69134392
:109588003B617B683A695A607B68FA68DA613B68D4
:109598005A687B68DA637B687A691A6200BF1C378D
:1095A800BD465DF8047B7047002C01400034014043
:1095B80000400140004401400048014080B487B0A9
:1095C80000AF786039607B681B6A23F480527B683F
:1095D8001A627B681B6A3B617B685B687B617B689E
:1095E800DB69FB60FB6823F0807323F4E043FB60D6
:1095F800FB6823F44073FB603B681B681B02FA6836
:109608001343FB603B6923F400533B613B689B6851
:109618001B033A6913433B617B68184A93420FD096
:109628007B68174A93420BD07B68164A934207D04F
:109638007B68154A934203D07B68144A934209D148
:109648007B6923F480437B613B685B699B017A6992
:1096580013437B617B687A695A607B68FA68DA61D0
:109668003B685A687B681A647B683A691A6200BF6B
:109678001C37BD465DF8047B704700BF002C0140D5
:1096880000340140004001400044014000480140CE
:1096980080B487B000AF786039607B681B6A23F4B8
:1096A80080327B681A627B681B6A3B617B685B68F7
:1096B8007B617B685B6DFB60FB6823F4803323F080
:1096C8007003FB603B681B68FA681343FB603B69E7
:1096D80023F400333B613B689B681B043A691343DE
:1096E8003B617B68174A93420FD07B68164A9342C6
:1096F8000BD07B68154A934207D07B68144A934283
:1097080003D07B68134A934209D17B6923F48033E1
:109718007B613B685B691B027A6913437B617B68E9
:109728007A695A607B68FA685A653B685A687B6848
:109738009A657B683A691A6200BF1C37BD465DF8B6
:10974800047B7047002C0140003401400040014078
:10975800004401400048014080B487B000AF786001
:1097680039607B681B6A23F480127B681A627B6805
:109778001B6A3B617B685B687B617B685B6DFB6038
:10978800FB6823F0807323F4E043FB603B681B68AD
:109798001B02FA681343FB603B6923F400133B6127
:1097A8003B689B681B053A6913433B617B68184A11
:1097B80093420FD07B68174A93420BD07B68164AB6
:1097C800934207D07B68154A934203D07B68144ABA
:1097D800934209D17B6923F480237B613B685B69F1
:1097E8009B027A6913437B617B687A695A607B685C
:1097F800FA685A653B685A687B68DA657B683A6933
:109808001A6200BF1C37BD465DF8047B704700BF75
:10981800002C014000340140004001400044014058
:109828000048014080B487B000AFF860B9607A6042
:10983800FB681B6A7B61FB681B6A23F00102FB68FB
:109848001A62FB689B693B613B6923F0F0033B614B
:109858007B681B013A6913433B617B6923F00A0368
:109868007B617A69BB6813437B61FB683A699A61DB
:10987800FB687A691A6200BF1C37BD465DF8047B35
:10988800704780B487B000AFF860B9607A60FB6851
:109898001B6A23F01002FB681A62FB689B697B61F4
:1098A800FB681B6A3B617B6923F470437B617B68BF
:1098B8001B037A6913437B613B6923F0A0033B6177
:1098C800BB681B013A6913433B61FB687A699A617B
:1098D800FB683A691A6200BF1C37BD465DF8047B15
:1098E800704780B485B000AF786039607B689B684A
:1098F800FB60FB6823F07003FB603A68FB68134366
:1099080043F00703FB607B68FA689A6000BF14376E
:10991800BD465DF8047B704780B487B000AFF8603F
:10992800B9607A603B60FB689B687B617B6923F464
:109938007F437B613B681A027B681A43BB68134309
:109948007A6913437B61FB687A699A6000BF1C37A8
:10995800BD465DF8047B704780B487B000AFF860FF
:10996800B9607A60BB6803F01F03012202FA03F3AF
:109978007B61FB681A6A7B69DB431A40FB681A62E1
:10998800FB681A6ABB6803F01F03796801FA03F3DE
:109998001A43FB681A6200BF1C37BD465DF8047B9A
:1099A8007047000080B485B000AF786039607B688C
:1099B80093F83C30012B01D1022363E07B6801223C
:1099C80083F83C207B68022283F83D207B681B6873
:1099D8005B68FB607B681B689B68BB607B681B6877
:1099E8002B4A934204D07B681B682A4A934208D1C9
:1099F800FB6823F47003FB603B685B68FA681343F9
:109A0800FB60FB6823F07003FB603B681B68FA6827
:109A18001343FB607B681B68FA685A607B681B68A5
:109A28001B4A934218D07B681B68B3F1804F13D050
:109A38007B681B68184A93420ED07B681B68174ADC
:109A4800934209D07B681B68124A934204D07B6812
:109A58001B68134A93420CD1BB6823F08003BB6098
:109A68003B689B68BA681343BB607B681B68BA682D
:109A78009A607B68012283F83D207B68002283F886
:109A88003C20002318461437BD465DF8047B704718
:109A9800002C014000340140000400400008004050
:109AA8000040014080B485B000AF78603960002381
:109AB800FB607B6893F83C30012B01D1022365E001
:109AC8007B68012283F83C20FB6823F0FF023B6897
:109AD800DB681343FB60FB6823F440723B689B68B8
:109AE8001343FB60FB6823F480623B685B681343A5
:109AF800FB60FB6823F400623B681B681343FB6050
:109B0800FB6823F480523B681B691343FB60FB68C6
:109B180023F400523B685B691343FB60FB6823F442
:109B280080423B689B6A1343FB60FB6823F4702206
:109B38003B689B691B041343FB607B681B68164AE0
:109B4800934204D07B681B68144A934215D1FB6882
:109B580023F470023B685B6A1B051343FB60FB68D8
:109B680023F080723B68DB691343FB60FB6823F0DA
:109B780000723B681B6A1343FB607B681B68FA68CA
:109B88005A647B68002283F83C2000231846143767
:109B9800BD465DF8047B7047002C0140003401404D
:109BA80080B483B000AF786000BF0C37BD465DF865
:109BB800047B704780B483B000AF786000BF0C3777
:109BC800BD465DF8047B704780B483B000AF786011
:109BD80000BF0C37BD465DF8047B704780B582B086
:109BE80000AF78607B68002B01D1012340E07B68DF
:109BF8009B6F002B06D17B68002283F8742078685D
:109C0800F9F7D6FC7B6824229A677B681B681A6878
:109C18007B681B6822F001021A60786800F0C0F8BF
:109C28000346012B01D1012322E07B685B6A002BEC
:109C380002D0786800F08AFA7B681B685A687B68EB
:109C48001B6822F490425A607B681B689A687B689C
:109C58001B6822F02A029A607B681B681A687B6876
:109C68001B6842F001021A60786800F011FB034695
:109C780018460837BD4680BD80B58AB002AFF86087
:109C8800B9603B601346FB80FB689B6F202B40F05C
:109C98008180BB68002B02D0FB88002B01D10123F7
:109CA80079E0FB6893F87430012B01D1022372E04C
:109CB800FB68012283F87420FB680022C3F8802027
:109CC800FB6821229A67F9F781FD7861FB68FA88B9
:109CD800A3F85020FB68FA88A3F85220FB689B6819
:109CE800B3F5805F08D1FB681B69002B04D1002302
:109CF800FB61BB68BB6103E0BB68FB610023BB6120
:109D0800FB68002283F874202CE03B6800937B6991
:109D180000228021F86800F004FB0346002B01D0E4
:109D2800032338E0FB69002B0BD1BB691A88FB6859
:109D38001B68C2F3080292B21A85BB690233BB6181
:109D480007E0FB691A78FB681B681A85FB69013311
:109D5800FB61FB68B3F852309BB2013B9AB2FB68D7
:109D6800A3F85220FB68B3F852309BB2002BCCD139
:109D78003B6800937B6900224021F86800F0D1FA23
:109D88000346002B01D0032305E0FB6820229A67D5
:109D9800002300E0022318462037BD4680BD00009E
:109DA80080B588B000AF78600023BB777B689A687D
:109DB8007B681B691A437B685B691A437B68DB69AC
:109DC80013437B617B681B681B6823F4164323F0ED
:109DD8000C037A68126879690B4313607B681B6807
:109DE8005B6823F440517B68DA687B681B680A4328
:109DF8005A607B689B697B617B681B6A7A6913433D
:109E08007B617B681B689B6823F430617B681B68F7
:109E18007A690A439A607B681B68A84A934220D1F2
:109E2800A74B1B6B03F00303032B17D801A252F8AF
:109E380023F000BF4D9E0008599E00085F9E000851
:109E4800539E00080123FB77B5E00223FB77B2E0BD
:109E58000423FB77AFE00823FB77ACE01023FB7704
:109E6800A9E07B681B68974A934224D1944B1B6BEB
:109E780003F44033B3F5403F11D0B3F5403F17D852
:109E8800B3F5003F11D0B3F5003F11D8002B03D034
:109E9800B3F5803F06D00BE00023FB778BE002236D
:109EA800FB7788E00423FB7785E00823FB7782E0D3
:109EB8001023FB777FE07B681B68834A934224D199
:109EC8007F4B1B6B03F44023B3F5402F11D0B3F540
:109ED800402F17D8B3F5002F11D0B3F5002F11D8A4
:109EE800002B03D0B3F5802F06D00BE00023FB77BF
:109EF80061E00223FB775EE00423FB775BE0082345
:109F0800FB7758E01023FB7755E07B681B686F4AA6
:109F1800934224D16A4B1B6B03F44013B3F5401FE3
:109F280011D0B3F5401F17D8B3F5001F11D0B3F502
:109F3800001F11D8002B03D0B3F5801F06D00BE00B
:109F48000023FB7737E00223FB7734E00423FB7719
:109F580031E00823FB772EE01023FB772BE07B68AA
:109F68001B685B4A934224D1554B1B6B03F4400397
:109F7800B3F5400F11D0B3F5400F17D8B3F5000F64
:109F880011D0B3F5000F11D8002B03D0B3F5800F13
:109F980006D00BE00023FB770DE00223FB770AE0F5
:109FA8000423FB7707E00823FB7704E01023FB7703
:109FB80001E01023FB777B68DB69B3F5004F5CD1C8
:109FC800FB7F082B27D801A252F823F0F99F00083D
:109FD80001A0000809A000081FA000080FA00008A1
:109FE8001FA000081FA000081FA0000817A0000855
:109FF800FDF7AEFBB86113E0FDF7CCFBB8610FE0ED
:10A00800344BBB610CE0FDF72DFBB86108E04FF461
:10A018000043BB6104E00023BB610123BB7700BFA1
:10A02800BB69002B00F08480BB695A007B685B68C1
:10A038005B081A447B685B68B2FBF3F39BB23B6135
:10A048003B690F2B16D93B69B3F5803F12D23B69A8
:10A058009BB223F00F03FB813B695B089BB203F0C3
:10A0680007039AB2FB891343FB817B681B68FA8953
:10A07800DA605DE00123BB775AE0FB7F082B36D816
:10A0880001A252F823F000BFB5A00008BDA0000847
:10A09800E1A00008F7A00008E7A00008F7A0000862
:10A0A800F7A00008F7A00008EFA00008FDF750FB94
:10A0B800B86121E0FDF76EFBB8611DE00038014092
:10A0C800001002400044004000480040004C00409E
:10A0D8000050004000127A001B4BBB610CE0FDF7FA
:10A0E800C1FAB86108E04FF40043BB6104E0002303
:10A0F800BB610123BB7700BFBB69002B18D07B680D
:10A108005B685A08BB691A447B685B68B2FBF3F367
:10A118009BB23B613B690F2B08D93B69B3F5803F84
:10A1280004D27B681B683A69DA6001E00123BB77D7
:10A138007B6800225A667B6800229A66BB7F1846B5
:10A148002037BD4680BD00BF00127A0080B483B0BE
:10A1580000AF78607B685B6A03F00103002B0AD0CC
:10A168007B681B685B6823F400317B689A6A7B68AC
:10A178001B680A435A607B685B6A03F00203002B82
:10A188000AD07B681B685B6823F480317B68DA6AD5
:10A198007B681B680A435A607B685B6A03F00403A8
:10A1A800002B0AD07B681B685B6823F480217B68DE
:10A1B8001A6B7B681B680A435A607B685B6A03F00A
:10A1C8000803002B0AD07B681B685B6823F40041F6
:10A1D8007B685A6B7B681B680A435A607B685B6ABA
:10A1E80003F01003002B0AD07B681B689B6823F4DC
:10A1F80080517B689A6B7B681B680A439A607B680E
:10A208005B6A03F02003002B0AD07B681B689B68FD
:10A2180023F400517B68DA6B7B681B680A439A60F9
:10A228007B685B6A03F04003002B1AD07B681B68CD
:10A238005B6823F480117B681A6C7B681B680A438F
:10A248005A607B681B6CB3F5801F0AD17B681B685A
:10A258005B6823F4C0017B685A6C7B681B680A43FF
:10A268005A607B685B6A03F08003002B0AD07B6826
:10A278001B685B6823F400217B689A6C7B681B6809
:10A288000A435A6000BF0C37BD465DF8047B70472F
:10A2980080B586B002AF78607B680022C3F8802062
:10A2A800F9F794FAF8607B681B681B6803F00803E9
:10A2B800082B0ED16FF07E430093FB6800224FF409
:10A2C8000011786800F02DF80346002B01D0032315
:10A2D80023E07B681B681B6803F00403042B0ED182
:10A2E8006FF07E430093FB6800224FF4800178688A
:10A2F80000F017F80346002B01D003230DE07B681C
:10A3080020229A677B682022DA677B6800221A6617
:10A318007B68002283F87420002318461037BD4656
:10A3280080BD80B59CB000AFF860B9603B60134653
:10A33800FB71A5E0BB6FB3F1FF3F00F0A180F9F717
:10A3480045FA02463B68D31ABA6F9A4202D3BB6FEA
:10A35800002B3ED1FB681B683B653B6D53E8003F13
:10A36800FB64FB6C23F4D0737B66FB681B681A469E
:10A378007B6EFB65BA65B96DFA6D41E800237B65B4
:10A388007B6D002BE6D1FB681B680833FB63FB6B16
:10A3980053E8003FBB63BB6B23F001033B66FB68DC
:10A3A8001B6808333A6EBA647B64796CBA6C41E80E
:10A3B80000233B643B6C002BE5D1FB6820229A67A5
:10A3C800FB682022DA67FB68002283F874200323E5
:10A3D80067E0FB681B681B6803F00403002B4FD081
:10A3E800FB681B68DB6903F40063B3F5006F47D1B2
:10A3F800FB681B684FF400621A62FB681B68BB624B
:10A40800BB6A53E8003F7B627B6A23F4D073FB6628
:10A41800FB681B681A46FB6E7B633A63396B7A6B81
:10A4280041E80023FB62FB6A002BE6D1FB681B684E
:10A4380008337B617B6953E8003F3B613B6923F04C
:10A448000103BB66FB681B680833BA6E3A62FB619E
:10A45800F9693A6A41E80023BB61BB69002BE5D181
:10A46800FB6820229A67FB682022DA67FB682022B3
:10A47800C3F88020FB68002283F87420032310E0CF
:10A48800FB681B68DA69BB681340BA689A420CBF5C
:10A4980001230023DBB21A46FB799A423FF44AAF04
:10A4A800002318467037BD4680BD024403469342D8
:10A4B80000D1704703F8011BF9E7000070B50D4D96
:10A4C8000D4C641BA4100026A64209D10B4D0C4C60
:10A4D80000F018F8641BA4100026A64205D170BD30
:10A4E80055F8043B98470136EEE755F8043B984782
:10A4F8000136F2E76CA600086CA600086CA60008F6
:10A5080070A60008F8B500BFF8BC08BC9E467047A6
:0CA51800F8B500BFF8BC08BC9E467047B8
:10A524003E880100C60000000097B92EE5725CCB9E
:10A534005DCAE473B82F0196BA2D03945FC8E6711F
:10A54400E7705EC90295BB2CE3745ACD0691BF280F
:10A55400BE2907905BCCE27559CEE077BC2B0592FF
:10A564000493BD2AE17658CF51C6E87FB4230D9AEF
:10A574000C9BB522E97E50C7EB7C52C50E99B720DF
:10A58400B6210F9853C4EA7DB2250B9C57C0EE79CF
:10A59400EF7856C10A9DB324089FB126ED7A54C3BF
:10A5A40055C2EC7BB027099EA2351B8C47D0FE69AF
:10A5B400FF6846D11A8DA334188FA136FD6A44D39F
:10A5C40045D2FC6BA037198E41D6F86FA4331D8A8F
:10A5D4001C8BA532F96E40D7FB6C42D51E89A7307F
:10A5E400A6311F8843D4FA6DF3644ADD1681AF386F
:10A5F400AE3917804BDCF26549DEF067AC3B15825F
:10A604001483AD3AF16648DF1087A93EF5624CDB4E
:10A614004DDAF463A83F1186AA3D13844FD8F6613E
:10A62400F7604ED91285AB3C00000000000000002A
:10A6340001020304060708090000000001020304E4
:10A6440002030405060708090A0B0C0D0E0F10106F
:10A654000102030405060708090A0B0C0D0E0F106E
:08A66400A065FF7F010000006A
:04A66C00AD01000834
:04A670008901000854
:10A674000F0000000000803FE803000000127A0091
:0CA68400010000001000000001000000B8
:04000005080036CDEC
:00000001FF
